,Model_4,K2_OI
3,CONFIRMED,CANDIDATE
4,CONFIRMED,CANDIDATE
5,CONFIRMED,CANDIDATE
6,CONFIRMED,CANDIDATE
7,CONFIRMED,CANDIDATE
8,CONFIRMED,CANDIDATE
9,CONFIRMED,CANDIDATE
10,CONFIRMED,CANDIDATE
12,CONFIRMED,CANDIDATE
14,CONFIRMED,CANDIDATE
15,CONFIRMED,CANDIDATE
16,CONFIRMED,CANDIDATE
17,CONFIRMED,CANDIDATE
18,CONFIRMED,CANDIDATE
19,CONFIRMED,CANDIDATE
20,CONFIRMED,CANDIDATE
23,CONFIRMED,CANDIDATE
24,CONFIRMED,CANDIDATE
25,CONFIRMED,CANDIDATE
26,CONFIRMED,CANDIDATE
27,CONFIRMED,CANDIDATE
28,CONFIRMED,CANDIDATE
29,CONFIRMED,CANDIDATE
30,CONFIRMED,CANDIDATE
31,CONFIRMED,FALSE POSITIVE
32,CANDIDATE,FALSE POSITIVE
33,CONFIRMED,CANDIDATE
34,CONFIRMED,CANDIDATE
35,CONFIRMED,CANDIDATE
36,CONFIRMED,CANDIDATE
37,CONFIRMED,CANDIDATE
38,CONFIRMED,CANDIDATE
39,CONFIRMED,CANDIDATE
40,CONFIRMED,CANDIDATE
41,CONFIRMED,CANDIDATE
42,CONFIRMED,CANDIDATE
43,CONFIRMED,CANDIDATE
44,CONFIRMED,FALSE POSITIVE
45,CONFIRMED,FALSE POSITIVE
46,CONFIRMED,FALSE POSITIVE
47,CONFIRMED,FALSE POSITIVE
48,CONFIRMED,CANDIDATE
49,CONFIRMED,CANDIDATE
50,CONFIRMED,CANDIDATE
51,CONFIRMED,CANDIDATE
52,CONFIRMED,CANDIDATE
54,CONFIRMED,CANDIDATE
55,CONFIRMED,CANDIDATE
57,CONFIRMED,CANDIDATE
58,CONFIRMED,CANDIDATE
59,CONFIRMED,CANDIDATE
60,CONFIRMED,CANDIDATE
61,CONFIRMED,CANDIDATE
62,CONFIRMED,CANDIDATE
64,CONFIRMED,CANDIDATE
65,CONFIRMED,CANDIDATE
66,CONFIRMED,CANDIDATE
67,CONFIRMED,CANDIDATE
68,CONFIRMED,CANDIDATE
69,CONFIRMED,CANDIDATE
70,CONFIRMED,CANDIDATE
71,CONFIRMED,CANDIDATE
72,CONFIRMED,CANDIDATE
73,CONFIRMED,CANDIDATE
74,CONFIRMED,CANDIDATE
75,CONFIRMED,CANDIDATE
76,CONFIRMED,CANDIDATE
77,CONFIRMED,CANDIDATE
78,CONFIRMED,CANDIDATE
79,CONFIRMED,CANDIDATE
80,CONFIRMED,CANDIDATE
81,CONFIRMED,CANDIDATE
82,CONFIRMED,CANDIDATE
83,CONFIRMED,FALSE POSITIVE
84,CONFIRMED,CANDIDATE
85,CONFIRMED,CANDIDATE
86,CONFIRMED,CANDIDATE
87,CONFIRMED,CANDIDATE
88,CONFIRMED,CANDIDATE
89,CONFIRMED,CANDIDATE
90,CONFIRMED,CANDIDATE
91,CONFIRMED,FALSE POSITIVE
92,CONFIRMED,FALSE POSITIVE
93,CONFIRMED,CANDIDATE
94,CONFIRMED,CANDIDATE
95,CONFIRMED,CANDIDATE
96,CONFIRMED,CANDIDATE
97,CONFIRMED,CANDIDATE
99,CANDIDATE,CONFIRMED
101,CONFIRMED,CANDIDATE
102,CONFIRMED,CANDIDATE
103,CONFIRMED,CANDIDATE
104,CONFIRMED,CANDIDATE
105,CONFIRMED,CANDIDATE
107,CONFIRMED,CANDIDATE
108,CONFIRMED,CANDIDATE
109,CONFIRMED,CANDIDATE
110,CONFIRMED,CANDIDATE
111,CONFIRMED,CANDIDATE
112,CONFIRMED,CANDIDATE
113,CONFIRMED,CANDIDATE
114,CONFIRMED,CANDIDATE
115,CONFIRMED,CANDIDATE
116,CONFIRMED,CANDIDATE
117,CONFIRMED,CANDIDATE
118,CONFIRMED,CANDIDATE
119,CONFIRMED,CANDIDATE
120,CONFIRMED,FALSE POSITIVE
121,CONFIRMED,FALSE POSITIVE
122,CONFIRMED,CANDIDATE
123,CONFIRMED,CANDIDATE
124,CONFIRMED,CANDIDATE
125,CONFIRMED,CANDIDATE
126,CONFIRMED,CANDIDATE
127,CONFIRMED,CANDIDATE
128,CONFIRMED,CANDIDATE
129,CONFIRMED,CANDIDATE
130,CONFIRMED,CANDIDATE
131,CONFIRMED,CANDIDATE
132,CONFIRMED,CANDIDATE
133,CONFIRMED,CANDIDATE
134,CONFIRMED,CANDIDATE
135,CONFIRMED,CANDIDATE
136,CONFIRMED,CANDIDATE
137,CONFIRMED,CANDIDATE
138,CONFIRMED,CANDIDATE
139,CONFIRMED,CANDIDATE
142,CONFIRMED,CANDIDATE
143,CONFIRMED,FALSE POSITIVE
144,CONFIRMED,FALSE POSITIVE
145,CONFIRMED,FALSE POSITIVE
146,CONFIRMED,FALSE POSITIVE
147,CONFIRMED,CANDIDATE
148,CONFIRMED,CANDIDATE
149,CONFIRMED,CANDIDATE
150,CONFIRMED,CANDIDATE
151,CONFIRMED,CANDIDATE
152,CONFIRMED,CANDIDATE
153,CONFIRMED,CANDIDATE
154,CONFIRMED,CANDIDATE
155,CONFIRMED,CANDIDATE
158,CONFIRMED,CANDIDATE
162,CONFIRMED,CANDIDATE
163,CONFIRMED,CANDIDATE
164,CONFIRMED,CANDIDATE
165,CONFIRMED,CANDIDATE
166,CONFIRMED,CANDIDATE
167,CONFIRMED,CANDIDATE
168,CONFIRMED,CANDIDATE
169,CONFIRMED,CANDIDATE
170,CONFIRMED,CANDIDATE
171,CONFIRMED,CANDIDATE
172,CONFIRMED,CANDIDATE
173,CONFIRMED,CANDIDATE
174,CONFIRMED,CANDIDATE
175,CONFIRMED,CANDIDATE
176,CONFIRMED,CANDIDATE
177,CONFIRMED,CANDIDATE
178,CONFIRMED,CANDIDATE
179,CONFIRMED,CANDIDATE
180,CONFIRMED,FALSE POSITIVE
181,CONFIRMED,FALSE POSITIVE
182,CONFIRMED,FALSE POSITIVE
183,CONFIRMED,FALSE POSITIVE
184,CONFIRMED,CANDIDATE
185,CONFIRMED,CANDIDATE
186,CONFIRMED,CANDIDATE
187,CONFIRMED,CANDIDATE
188,CONFIRMED,CANDIDATE
189,CONFIRMED,CANDIDATE
190,CONFIRMED,CANDIDATE
191,CONFIRMED,CANDIDATE
192,CONFIRMED,CANDIDATE
193,CONFIRMED,CANDIDATE
194,CONFIRMED,CANDIDATE
195,CONFIRMED,CANDIDATE
196,CONFIRMED,CANDIDATE
197,CONFIRMED,CANDIDATE
198,CONFIRMED,CANDIDATE
199,CONFIRMED,CANDIDATE
200,CONFIRMED,FALSE POSITIVE
201,CONFIRMED,CANDIDATE
202,CONFIRMED,CANDIDATE
203,CONFIRMED,CANDIDATE
204,CONFIRMED,CANDIDATE
205,CONFIRMED,CANDIDATE
206,CONFIRMED,CANDIDATE
207,CONFIRMED,CANDIDATE
208,CONFIRMED,CANDIDATE
209,CONFIRMED,CANDIDATE
210,CONFIRMED,CANDIDATE
211,CONFIRMED,CANDIDATE
212,CONFIRMED,CANDIDATE
213,CONFIRMED,CANDIDATE
214,CONFIRMED,CANDIDATE
215,CONFIRMED,CANDIDATE
216,CONFIRMED,CANDIDATE
217,CONFIRMED,CANDIDATE
218,CONFIRMED,CANDIDATE
219,CONFIRMED,CANDIDATE
220,CONFIRMED,CANDIDATE
221,CONFIRMED,CANDIDATE
222,CONFIRMED,CANDIDATE
223,CONFIRMED,CANDIDATE
224,CONFIRMED,CANDIDATE
225,CONFIRMED,CANDIDATE
226,CONFIRMED,CANDIDATE
227,CONFIRMED,CANDIDATE
228,CONFIRMED,CANDIDATE
229,CONFIRMED,CANDIDATE
230,CONFIRMED,CANDIDATE
231,CONFIRMED,FALSE POSITIVE
232,CONFIRMED,FALSE POSITIVE
233,CONFIRMED,FALSE POSITIVE
234,CONFIRMED,CANDIDATE
235,CONFIRMED,CANDIDATE
236,CONFIRMED,FALSE POSITIVE
237,CONFIRMED,FALSE POSITIVE
238,CONFIRMED,FALSE POSITIVE
239,CONFIRMED,FALSE POSITIVE
240,CONFIRMED,FALSE POSITIVE
241,CONFIRMED,CANDIDATE
242,CONFIRMED,CANDIDATE
243,CONFIRMED,CANDIDATE
244,CONFIRMED,CANDIDATE
245,CONFIRMED,CANDIDATE
246,CONFIRMED,CANDIDATE
247,CONFIRMED,CANDIDATE
248,CONFIRMED,CANDIDATE
249,CONFIRMED,CANDIDATE
250,CONFIRMED,CANDIDATE
251,CONFIRMED,CANDIDATE
252,CONFIRMED,CANDIDATE
253,CONFIRMED,CANDIDATE
254,CONFIRMED,CANDIDATE
255,CONFIRMED,CANDIDATE
256,CONFIRMED,CANDIDATE
257,CONFIRMED,CANDIDATE
258,CONFIRMED,CANDIDATE
259,CONFIRMED,CANDIDATE
260,CONFIRMED,CANDIDATE
261,CONFIRMED,FALSE POSITIVE
262,CONFIRMED,CANDIDATE
263,CONFIRMED,CANDIDATE
264,CONFIRMED,CANDIDATE
265,CONFIRMED,CANDIDATE
266,CONFIRMED,CANDIDATE
267,CONFIRMED,CANDIDATE
268,CONFIRMED,CANDIDATE
269,CONFIRMED,CANDIDATE
270,CONFIRMED,CANDIDATE
271,CONFIRMED,CANDIDATE
272,CONFIRMED,CANDIDATE
273,CONFIRMED,CANDIDATE
274,CONFIRMED,FALSE POSITIVE
275,CONFIRMED,FALSE POSITIVE
276,CONFIRMED,CANDIDATE
277,CONFIRMED,CANDIDATE
278,CONFIRMED,CANDIDATE
279,CONFIRMED,FALSE POSITIVE
280,CONFIRMED,CANDIDATE
281,CONFIRMED,CANDIDATE
282,CONFIRMED,CANDIDATE
283,CONFIRMED,FALSE POSITIVE
284,CONFIRMED,FALSE POSITIVE
285,CONFIRMED,FALSE POSITIVE
286,CONFIRMED,FALSE POSITIVE
287,CONFIRMED,CANDIDATE
288,CONFIRMED,CANDIDATE
289,CONFIRMED,CANDIDATE
290,CONFIRMED,CANDIDATE
291,CONFIRMED,FALSE POSITIVE
292,CONFIRMED,FALSE POSITIVE
293,CONFIRMED,FALSE POSITIVE
294,CONFIRMED,FALSE POSITIVE
295,CONFIRMED,CANDIDATE
296,CONFIRMED,CANDIDATE
297,CONFIRMED,FALSE POSITIVE
298,CONFIRMED,CANDIDATE
299,CONFIRMED,CANDIDATE
300,CONFIRMED,CANDIDATE
301,CONFIRMED,CANDIDATE
302,CONFIRMED,FALSE POSITIVE
303,CONFIRMED,CANDIDATE
304,CONFIRMED,CANDIDATE
305,CONFIRMED,CANDIDATE
306,CONFIRMED,CANDIDATE
307,CONFIRMED,FALSE POSITIVE
308,CONFIRMED,FALSE POSITIVE
309,CONFIRMED,CANDIDATE
310,CONFIRMED,CANDIDATE
311,CONFIRMED,CANDIDATE
312,CONFIRMED,CANDIDATE
313,CONFIRMED,CANDIDATE
314,CONFIRMED,CANDIDATE
315,CONFIRMED,FALSE POSITIVE
316,CONFIRMED,FALSE POSITIVE
317,CONFIRMED,CANDIDATE
318,CONFIRMED,FALSE POSITIVE
319,CONFIRMED,CANDIDATE
320,CONFIRMED,CANDIDATE
321,CONFIRMED,CANDIDATE
322,CONFIRMED,CANDIDATE
323,CONFIRMED,CANDIDATE
324,CONFIRMED,CANDIDATE
325,CONFIRMED,CANDIDATE
326,CONFIRMED,CANDIDATE
327,CONFIRMED,CANDIDATE
328,CONFIRMED,CANDIDATE
329,CONFIRMED,FALSE POSITIVE
330,CONFIRMED,CANDIDATE
331,CONFIRMED,CANDIDATE
332,CONFIRMED,CANDIDATE
333,CONFIRMED,FALSE POSITIVE
334,CONFIRMED,FALSE POSITIVE
335,CONFIRMED,CANDIDATE
336,CONFIRMED,FALSE POSITIVE
337,CONFIRMED,CANDIDATE
338,CONFIRMED,CANDIDATE
339,CONFIRMED,CANDIDATE
340,CONFIRMED,CANDIDATE
341,CONFIRMED,CANDIDATE
342,CONFIRMED,CANDIDATE
343,CONFIRMED,CANDIDATE
344,CONFIRMED,CANDIDATE
345,CONFIRMED,CANDIDATE
346,CONFIRMED,CANDIDATE
347,CONFIRMED,CANDIDATE
348,CONFIRMED,CANDIDATE
349,CONFIRMED,CANDIDATE
350,CONFIRMED,CANDIDATE
351,CONFIRMED,CANDIDATE
352,CONFIRMED,FALSE POSITIVE
353,CONFIRMED,CANDIDATE
354,CONFIRMED,CANDIDATE
355,CONFIRMED,FALSE POSITIVE
356,CONFIRMED,FALSE POSITIVE
357,CONFIRMED,FALSE POSITIVE
358,CONFIRMED,FALSE POSITIVE
359,CONFIRMED,CANDIDATE
360,CONFIRMED,CANDIDATE
361,CONFIRMED,CANDIDATE
362,CONFIRMED,CANDIDATE
363,CONFIRMED,CANDIDATE
364,CONFIRMED,CANDIDATE
365,CONFIRMED,FALSE POSITIVE
366,CONFIRMED,FALSE POSITIVE
367,CONFIRMED,FALSE POSITIVE
368,CONFIRMED,FALSE POSITIVE
369,CONFIRMED,CANDIDATE
370,CONFIRMED,CANDIDATE
371,CONFIRMED,CANDIDATE
372,CONFIRMED,CANDIDATE
373,CONFIRMED,CANDIDATE
374,CONFIRMED,CANDIDATE
375,CONFIRMED,CANDIDATE
376,CONFIRMED,CANDIDATE
377,CONFIRMED,CANDIDATE
378,CONFIRMED,CANDIDATE
379,CONFIRMED,CANDIDATE
380,CONFIRMED,CANDIDATE
381,CONFIRMED,CANDIDATE
382,CONFIRMED,CANDIDATE
383,CONFIRMED,FALSE POSITIVE
384,CONFIRMED,CANDIDATE
385,CONFIRMED,CANDIDATE
386,CONFIRMED,CANDIDATE
387,CONFIRMED,CANDIDATE
388,CONFIRMED,CANDIDATE
389,CONFIRMED,CANDIDATE
390,CONFIRMED,CANDIDATE
391,CONFIRMED,CANDIDATE
392,CONFIRMED,CANDIDATE
393,CONFIRMED,CANDIDATE
394,CONFIRMED,CANDIDATE
395,CONFIRMED,FALSE POSITIVE
396,CONFIRMED,CANDIDATE
397,CONFIRMED,CANDIDATE
398,CONFIRMED,CANDIDATE
399,CONFIRMED,CANDIDATE
400,CONFIRMED,CANDIDATE
401,CONFIRMED,CANDIDATE
402,CONFIRMED,CANDIDATE
403,CONFIRMED,CANDIDATE
404,CONFIRMED,CANDIDATE
405,CONFIRMED,CANDIDATE
406,CONFIRMED,CANDIDATE
410,CONFIRMED,CANDIDATE
411,CONFIRMED,CANDIDATE
412,CONFIRMED,CANDIDATE
413,CONFIRMED,CANDIDATE
414,CONFIRMED,CANDIDATE
415,CONFIRMED,CANDIDATE
416,CONFIRMED,CANDIDATE
417,CONFIRMED,CANDIDATE
418,CONFIRMED,CANDIDATE
419,CONFIRMED,FALSE POSITIVE
420,CONFIRMED,FALSE POSITIVE
421,CONFIRMED,CANDIDATE
422,CONFIRMED,CANDIDATE
423,CONFIRMED,CANDIDATE
424,CONFIRMED,CANDIDATE
425,CONFIRMED,CANDIDATE
426,CONFIRMED,CANDIDATE
427,CONFIRMED,CANDIDATE
437,CONFIRMED,CANDIDATE
438,CONFIRMED,CANDIDATE
439,CONFIRMED,CANDIDATE
440,CONFIRMED,CANDIDATE
441,CONFIRMED,CANDIDATE
442,CONFIRMED,CANDIDATE
443,CONFIRMED,CANDIDATE
445,CONFIRMED,CANDIDATE
446,CONFIRMED,CANDIDATE
447,CONFIRMED,CANDIDATE
453,CONFIRMED,CANDIDATE
454,CONFIRMED,CANDIDATE
455,CONFIRMED,CANDIDATE
456,CONFIRMED,CANDIDATE
457,CONFIRMED,CANDIDATE
458,CONFIRMED,CANDIDATE
459,CONFIRMED,CANDIDATE
460,CONFIRMED,CANDIDATE
461,CONFIRMED,FALSE POSITIVE
462,CONFIRMED,CANDIDATE
463,CONFIRMED,CANDIDATE
464,CONFIRMED,CANDIDATE
465,CONFIRMED,CANDIDATE
466,CONFIRMED,CANDIDATE
467,CONFIRMED,CANDIDATE
468,CONFIRMED,CANDIDATE
469,CONFIRMED,CANDIDATE
470,CONFIRMED,CANDIDATE
471,CONFIRMED,CANDIDATE
472,CONFIRMED,CANDIDATE
473,CONFIRMED,CANDIDATE
474,CONFIRMED,CANDIDATE
475,CONFIRMED,CANDIDATE
476,CONFIRMED,CANDIDATE
477,CONFIRMED,CANDIDATE
478,CONFIRMED,CANDIDATE
479,CONFIRMED,CANDIDATE
480,CONFIRMED,CANDIDATE
481,CONFIRMED,CANDIDATE
482,CONFIRMED,CANDIDATE
483,CONFIRMED,CANDIDATE
484,CONFIRMED,CANDIDATE
485,CONFIRMED,CANDIDATE
486,CONFIRMED,CANDIDATE
487,CONFIRMED,CANDIDATE
488,CONFIRMED,CANDIDATE
489,CONFIRMED,CANDIDATE
490,CONFIRMED,CANDIDATE
494,CONFIRMED,CANDIDATE
495,CONFIRMED,CANDIDATE
496,CONFIRMED,CANDIDATE
497,CONFIRMED,CANDIDATE
498,CONFIRMED,CANDIDATE
499,CONFIRMED,FALSE POSITIVE
500,CONFIRMED,CANDIDATE
501,CONFIRMED,CANDIDATE
502,CONFIRMED,CANDIDATE
503,CONFIRMED,CANDIDATE
504,CONFIRMED,CANDIDATE
505,CONFIRMED,CANDIDATE
506,CONFIRMED,CANDIDATE
507,CONFIRMED,CANDIDATE
513,CONFIRMED,CANDIDATE
514,CONFIRMED,CANDIDATE
515,CONFIRMED,CANDIDATE
516,CONFIRMED,CANDIDATE
517,CONFIRMED,CANDIDATE
518,CONFIRMED,CANDIDATE
519,CONFIRMED,CANDIDATE
520,CONFIRMED,CANDIDATE
521,CONFIRMED,CANDIDATE
522,CONFIRMED,CANDIDATE
523,CONFIRMED,CANDIDATE
524,CONFIRMED,CANDIDATE
525,CONFIRMED,CANDIDATE
526,CONFIRMED,CANDIDATE
527,CONFIRMED,CANDIDATE
528,CONFIRMED,CANDIDATE
529,CONFIRMED,CANDIDATE
530,CONFIRMED,CANDIDATE
531,CONFIRMED,CANDIDATE
532,CONFIRMED,CANDIDATE
533,CONFIRMED,CANDIDATE
534,CONFIRMED,CANDIDATE
535,CONFIRMED,CANDIDATE
536,CONFIRMED,CANDIDATE
537,CONFIRMED,FALSE POSITIVE
538,CONFIRMED,CANDIDATE
539,CONFIRMED,CANDIDATE
540,CONFIRMED,CANDIDATE
541,CONFIRMED,CANDIDATE
542,CONFIRMED,CANDIDATE
543,CONFIRMED,CANDIDATE
544,CONFIRMED,CANDIDATE
545,CONFIRMED,CANDIDATE
546,CONFIRMED,CANDIDATE
547,CONFIRMED,CANDIDATE
548,CONFIRMED,CANDIDATE
549,CONFIRMED,FALSE POSITIVE
550,CONFIRMED,FALSE POSITIVE
551,CONFIRMED,FALSE POSITIVE
552,CONFIRMED,FALSE POSITIVE
553,CONFIRMED,FALSE POSITIVE
554,CONFIRMED,CANDIDATE
555,CONFIRMED,CANDIDATE
556,CONFIRMED,CANDIDATE
557,CONFIRMED,CANDIDATE
558,CONFIRMED,CANDIDATE
559,CONFIRMED,CANDIDATE
560,CONFIRMED,FALSE POSITIVE
561,CONFIRMED,FALSE POSITIVE
562,CONFIRMED,CANDIDATE
563,CONFIRMED,CANDIDATE
564,CONFIRMED,CANDIDATE
565,CONFIRMED,CANDIDATE
566,CONFIRMED,CANDIDATE
567,CONFIRMED,CANDIDATE
568,CONFIRMED,CANDIDATE
569,CONFIRMED,CANDIDATE
570,CONFIRMED,CANDIDATE
571,CONFIRMED,CANDIDATE
572,CONFIRMED,CANDIDATE
573,CONFIRMED,CANDIDATE
574,CONFIRMED,CANDIDATE
575,CONFIRMED,CANDIDATE
576,CONFIRMED,CANDIDATE
577,CONFIRMED,CANDIDATE
578,CONFIRMED,CANDIDATE
579,CONFIRMED,CANDIDATE
580,CONFIRMED,CANDIDATE
581,CONFIRMED,CANDIDATE
582,CONFIRMED,CANDIDATE
583,CONFIRMED,CANDIDATE
584,CONFIRMED,CANDIDATE
585,CONFIRMED,CANDIDATE
586,CONFIRMED,CANDIDATE
587,CONFIRMED,CANDIDATE
588,CONFIRMED,CANDIDATE
589,CONFIRMED,CANDIDATE
590,CONFIRMED,CANDIDATE
591,CONFIRMED,CANDIDATE
592,CONFIRMED,CANDIDATE
593,CONFIRMED,CANDIDATE
594,CONFIRMED,CANDIDATE
595,CONFIRMED,CANDIDATE
596,CONFIRMED,CANDIDATE
597,CONFIRMED,FALSE POSITIVE
598,CONFIRMED,FALSE POSITIVE
599,CONFIRMED,FALSE POSITIVE
600,CONFIRMED,FALSE POSITIVE
601,CONFIRMED,FALSE POSITIVE
602,CONFIRMED,FALSE POSITIVE
603,CONFIRMED,CANDIDATE
604,CONFIRMED,CANDIDATE
605,CONFIRMED,CANDIDATE
606,CONFIRMED,CANDIDATE
607,CONFIRMED,CANDIDATE
608,CONFIRMED,CANDIDATE
609,CONFIRMED,FALSE POSITIVE
610,CONFIRMED,CANDIDATE
611,CONFIRMED,CANDIDATE
612,CONFIRMED,CANDIDATE
613,CONFIRMED,FALSE POSITIVE
614,CONFIRMED,CANDIDATE
615,CONFIRMED,CANDIDATE
616,CONFIRMED,CANDIDATE
617,CONFIRMED,CANDIDATE
618,CONFIRMED,CANDIDATE
619,CONFIRMED,CANDIDATE
620,CONFIRMED,CANDIDATE
621,CONFIRMED,CANDIDATE
622,CONFIRMED,CANDIDATE
623,CONFIRMED,CANDIDATE
624,CONFIRMED,FALSE POSITIVE
625,CONFIRMED,CANDIDATE
626,CONFIRMED,CANDIDATE
627,CONFIRMED,CANDIDATE
628,CONFIRMED,CANDIDATE
629,CONFIRMED,CANDIDATE
630,CONFIRMED,CANDIDATE
631,CONFIRMED,CANDIDATE
632,CONFIRMED,CANDIDATE
633,CONFIRMED,CANDIDATE
634,CONFIRMED,CANDIDATE
635,CONFIRMED,CANDIDATE
636,CONFIRMED,CANDIDATE
637,CONFIRMED,CANDIDATE
638,CONFIRMED,FALSE POSITIVE
639,CONFIRMED,CANDIDATE
640,CONFIRMED,CANDIDATE
641,CONFIRMED,FALSE POSITIVE
642,CONFIRMED,CANDIDATE
643,CONFIRMED,CANDIDATE
644,CONFIRMED,CANDIDATE
645,CONFIRMED,CANDIDATE
646,CONFIRMED,CANDIDATE
647,CONFIRMED,CANDIDATE
648,CONFIRMED,CANDIDATE
649,CONFIRMED,CANDIDATE
650,CONFIRMED,CANDIDATE
651,CONFIRMED,CANDIDATE
652,CONFIRMED,CANDIDATE
653,CONFIRMED,CANDIDATE
654,CONFIRMED,CANDIDATE
655,CONFIRMED,CANDIDATE
657,CONFIRMED,CANDIDATE
658,CONFIRMED,CANDIDATE
659,CONFIRMED,CANDIDATE
660,CONFIRMED,CANDIDATE
661,CONFIRMED,CANDIDATE
662,CONFIRMED,CANDIDATE
663,CONFIRMED,CANDIDATE
664,CONFIRMED,CANDIDATE
665,CONFIRMED,CANDIDATE
666,CONFIRMED,CANDIDATE
667,CONFIRMED,CANDIDATE
668,CONFIRMED,CANDIDATE
669,CONFIRMED,CANDIDATE
670,CONFIRMED,CANDIDATE
671,CONFIRMED,CANDIDATE
672,CONFIRMED,CANDIDATE
673,CONFIRMED,CANDIDATE
674,CONFIRMED,CANDIDATE
675,CONFIRMED,CANDIDATE
676,CONFIRMED,CANDIDATE
677,CONFIRMED,CANDIDATE
678,CONFIRMED,CANDIDATE
679,CONFIRMED,CANDIDATE
680,CONFIRMED,CANDIDATE
681,CONFIRMED,CANDIDATE
682,CONFIRMED,CANDIDATE
683,CONFIRMED,CANDIDATE
684,CONFIRMED,FALSE POSITIVE
685,CONFIRMED,CANDIDATE
686,CONFIRMED,FALSE POSITIVE
687,CONFIRMED,CANDIDATE
688,CONFIRMED,CANDIDATE
689,CONFIRMED,FALSE POSITIVE
690,CONFIRMED,CANDIDATE
691,CONFIRMED,FALSE POSITIVE
692,CONFIRMED,FALSE POSITIVE
693,CONFIRMED,CANDIDATE
694,CONFIRMED,CANDIDATE
695,CONFIRMED,CANDIDATE
696,CONFIRMED,CANDIDATE
697,CONFIRMED,FALSE POSITIVE
698,CONFIRMED,CANDIDATE
699,CONFIRMED,CANDIDATE
700,CONFIRMED,FALSE POSITIVE
701,CONFIRMED,CANDIDATE
702,CONFIRMED,CANDIDATE
703,CONFIRMED,CANDIDATE
704,CONFIRMED,CANDIDATE
705,CONFIRMED,CANDIDATE
706,CONFIRMED,CANDIDATE
707,CONFIRMED,CANDIDATE
708,CONFIRMED,CANDIDATE
709,CONFIRMED,CANDIDATE
710,CONFIRMED,CANDIDATE
711,CONFIRMED,CANDIDATE
712,CONFIRMED,FALSE POSITIVE
713,CONFIRMED,FALSE POSITIVE
714,CONFIRMED,FALSE POSITIVE
715,CONFIRMED,CANDIDATE
716,CONFIRMED,FALSE POSITIVE
717,CONFIRMED,FALSE POSITIVE
718,CONFIRMED,CANDIDATE
719,CONFIRMED,FALSE POSITIVE
720,CONFIRMED,CANDIDATE
721,CONFIRMED,CANDIDATE
722,CONFIRMED,CANDIDATE
723,CONFIRMED,CANDIDATE
724,CONFIRMED,CANDIDATE
725,CONFIRMED,CANDIDATE
726,CONFIRMED,CANDIDATE
727,CONFIRMED,CANDIDATE
728,CONFIRMED,FALSE POSITIVE
729,CONFIRMED,CANDIDATE
730,CONFIRMED,FALSE POSITIVE
731,CONFIRMED,FALSE POSITIVE
732,CONFIRMED,FALSE POSITIVE
733,CONFIRMED,FALSE POSITIVE
734,CONFIRMED,CANDIDATE
735,CONFIRMED,FALSE POSITIVE
736,CONFIRMED,FALSE POSITIVE
737,CONFIRMED,CANDIDATE
738,CONFIRMED,FALSE POSITIVE
739,CONFIRMED,CANDIDATE
740,CONFIRMED,CANDIDATE
741,CONFIRMED,FALSE POSITIVE
742,CONFIRMED,FALSE POSITIVE
743,CONFIRMED,CANDIDATE
744,CONFIRMED,CANDIDATE
745,CONFIRMED,CANDIDATE
746,CONFIRMED,CANDIDATE
747,CONFIRMED,CANDIDATE
748,CONFIRMED,CANDIDATE
749,CONFIRMED,CANDIDATE
750,CONFIRMED,FALSE POSITIVE
751,CONFIRMED,CANDIDATE
752,CONFIRMED,CANDIDATE
753,CONFIRMED,FALSE POSITIVE
754,CONFIRMED,FALSE POSITIVE
755,CONFIRMED,FALSE POSITIVE
756,CONFIRMED,CANDIDATE
757,CONFIRMED,FALSE POSITIVE
758,CONFIRMED,CANDIDATE
759,CONFIRMED,FALSE POSITIVE
760,CONFIRMED,CANDIDATE
761,CONFIRMED,CANDIDATE
762,CONFIRMED,FALSE POSITIVE
763,CONFIRMED,FALSE POSITIVE
764,CONFIRMED,CANDIDATE
765,CONFIRMED,CANDIDATE
766,CONFIRMED,CANDIDATE
767,CONFIRMED,CANDIDATE
768,CONFIRMED,CANDIDATE
769,CONFIRMED,CANDIDATE
770,CONFIRMED,FALSE POSITIVE
771,CONFIRMED,CANDIDATE
772,CONFIRMED,CANDIDATE
773,CONFIRMED,CANDIDATE
774,CONFIRMED,CANDIDATE
775,CONFIRMED,CANDIDATE
776,CONFIRMED,CANDIDATE
777,CONFIRMED,CANDIDATE
778,CONFIRMED,CANDIDATE
779,CONFIRMED,FALSE POSITIVE
780,CONFIRMED,CANDIDATE
781,CONFIRMED,FALSE POSITIVE
782,CONFIRMED,FALSE POSITIVE
783,CONFIRMED,FALSE POSITIVE
784,CONFIRMED,CANDIDATE
785,CONFIRMED,CANDIDATE
786,CONFIRMED,FALSE POSITIVE
787,CONFIRMED,FALSE POSITIVE
788,CONFIRMED,CANDIDATE
789,CONFIRMED,FALSE POSITIVE
790,CONFIRMED,FALSE POSITIVE
791,CONFIRMED,CANDIDATE
792,CONFIRMED,FALSE POSITIVE
793,CONFIRMED,CANDIDATE
794,CONFIRMED,CANDIDATE
795,CONFIRMED,CANDIDATE
796,CONFIRMED,FALSE POSITIVE
797,CONFIRMED,FALSE POSITIVE
798,CONFIRMED,FALSE POSITIVE
799,CONFIRMED,FALSE POSITIVE
800,CONFIRMED,FALSE POSITIVE
801,CONFIRMED,CANDIDATE
802,CONFIRMED,FALSE POSITIVE
803,CONFIRMED,CANDIDATE
804,CONFIRMED,FALSE POSITIVE
805,CONFIRMED,FALSE POSITIVE
806,CONFIRMED,CANDIDATE
807,CONFIRMED,CANDIDATE
808,CONFIRMED,FALSE POSITIVE
809,CONFIRMED,CANDIDATE
810,CONFIRMED,CANDIDATE
811,CONFIRMED,CANDIDATE
812,CONFIRMED,CANDIDATE
813,CONFIRMED,FALSE POSITIVE
814,CONFIRMED,FALSE POSITIVE
815,CONFIRMED,FALSE POSITIVE
816,CONFIRMED,CANDIDATE
817,CONFIRMED,FALSE POSITIVE
818,CONFIRMED,CANDIDATE
819,CONFIRMED,CANDIDATE
820,CONFIRMED,CANDIDATE
821,CONFIRMED,CANDIDATE
822,CONFIRMED,CANDIDATE
824,CONFIRMED,FALSE POSITIVE
825,CONFIRMED,FALSE POSITIVE
826,CONFIRMED,CANDIDATE
827,CONFIRMED,FALSE POSITIVE
828,CONFIRMED,CANDIDATE
829,CONFIRMED,CANDIDATE
830,CONFIRMED,FALSE POSITIVE
831,CONFIRMED,CANDIDATE
832,CONFIRMED,CANDIDATE
833,CONFIRMED,CANDIDATE
834,CONFIRMED,CANDIDATE
835,CONFIRMED,CANDIDATE
836,CONFIRMED,CANDIDATE
837,CONFIRMED,FALSE POSITIVE
838,CONFIRMED,CANDIDATE
839,CONFIRMED,CANDIDATE
840,CONFIRMED,CANDIDATE
841,CONFIRMED,CANDIDATE
842,CONFIRMED,CANDIDATE
843,CONFIRMED,CANDIDATE
844,CONFIRMED,FALSE POSITIVE
845,CONFIRMED,FALSE POSITIVE
846,CONFIRMED,CANDIDATE
847,CONFIRMED,FALSE POSITIVE
848,CONFIRMED,FALSE POSITIVE
849,CONFIRMED,CANDIDATE
850,CONFIRMED,CANDIDATE
851,CONFIRMED,CANDIDATE
852,CONFIRMED,FALSE POSITIVE
853,CONFIRMED,CANDIDATE
854,CONFIRMED,CANDIDATE
855,CONFIRMED,FALSE POSITIVE
856,CONFIRMED,FALSE POSITIVE
857,CONFIRMED,CANDIDATE
858,CONFIRMED,CANDIDATE
859,CONFIRMED,FALSE POSITIVE
860,CONFIRMED,FALSE POSITIVE
861,CONFIRMED,CANDIDATE
862,CONFIRMED,CANDIDATE
863,CONFIRMED,CANDIDATE
864,CONFIRMED,CANDIDATE
865,CONFIRMED,CANDIDATE
866,CONFIRMED,CANDIDATE
867,CONFIRMED,CANDIDATE
868,CONFIRMED,CANDIDATE
869,CONFIRMED,CANDIDATE
870,CONFIRMED,CANDIDATE
871,CONFIRMED,CANDIDATE
872,CONFIRMED,CANDIDATE
873,CONFIRMED,CANDIDATE
874,CONFIRMED,CANDIDATE
875,CONFIRMED,CANDIDATE
876,CONFIRMED,FALSE POSITIVE
877,CONFIRMED,FALSE POSITIVE
878,CONFIRMED,FALSE POSITIVE
879,CONFIRMED,FALSE POSITIVE
880,CONFIRMED,CANDIDATE
881,CONFIRMED,CANDIDATE
882,CONFIRMED,FALSE POSITIVE
883,CONFIRMED,FALSE POSITIVE
884,CONFIRMED,CANDIDATE
885,CONFIRMED,CANDIDATE
886,CONFIRMED,FALSE POSITIVE
887,CONFIRMED,FALSE POSITIVE
888,CONFIRMED,CANDIDATE
889,CONFIRMED,CANDIDATE
896,CONFIRMED,FALSE POSITIVE
897,CONFIRMED,CANDIDATE
899,CONFIRMED,FALSE POSITIVE
900,CONFIRMED,FALSE POSITIVE
901,CONFIRMED,CANDIDATE
902,CONFIRMED,FALSE POSITIVE
903,CONFIRMED,CANDIDATE
904,CONFIRMED,CANDIDATE
905,CONFIRMED,FALSE POSITIVE
906,CONFIRMED,FALSE POSITIVE
907,CONFIRMED,FALSE POSITIVE
908,CONFIRMED,FALSE POSITIVE
909,CONFIRMED,CANDIDATE
910,CONFIRMED,FALSE POSITIVE
911,CONFIRMED,FALSE POSITIVE
912,CONFIRMED,FALSE POSITIVE
913,CONFIRMED,CANDIDATE
914,CONFIRMED,CANDIDATE
915,CONFIRMED,CANDIDATE
916,CONFIRMED,FALSE POSITIVE
917,CONFIRMED,CANDIDATE
918,CONFIRMED,CANDIDATE
919,CONFIRMED,CANDIDATE
920,CONFIRMED,CANDIDATE
921,CONFIRMED,CANDIDATE
922,CONFIRMED,CANDIDATE
923,CONFIRMED,CANDIDATE
924,CONFIRMED,CANDIDATE
925,CONFIRMED,CANDIDATE
926,CONFIRMED,CANDIDATE
927,CONFIRMED,CANDIDATE
928,CONFIRMED,CANDIDATE
929,CONFIRMED,CANDIDATE
930,CONFIRMED,CANDIDATE
931,CONFIRMED,CANDIDATE
932,CONFIRMED,FALSE POSITIVE
933,CONFIRMED,FALSE POSITIVE
934,CONFIRMED,CANDIDATE
935,CONFIRMED,CANDIDATE
936,CONFIRMED,FALSE POSITIVE
937,CONFIRMED,CANDIDATE
938,CONFIRMED,CANDIDATE
939,CONFIRMED,CANDIDATE
940,CONFIRMED,FALSE POSITIVE
941,CONFIRMED,FALSE POSITIVE
942,CONFIRMED,FALSE POSITIVE
943,CONFIRMED,FALSE POSITIVE
944,CONFIRMED,FALSE POSITIVE
945,CONFIRMED,FALSE POSITIVE
946,CONFIRMED,FALSE POSITIVE
947,CONFIRMED,CANDIDATE
948,CONFIRMED,CANDIDATE
949,CONFIRMED,FALSE POSITIVE
950,CONFIRMED,CANDIDATE
951,CONFIRMED,CANDIDATE
952,CONFIRMED,CANDIDATE
953,CONFIRMED,CANDIDATE
954,CONFIRMED,CANDIDATE
955,CONFIRMED,FALSE POSITIVE
956,CONFIRMED,CANDIDATE
957,CONFIRMED,CANDIDATE
958,CONFIRMED,CANDIDATE
959,CONFIRMED,CANDIDATE
960,CONFIRMED,CANDIDATE
961,CONFIRMED,CANDIDATE
962,CONFIRMED,CANDIDATE
963,CONFIRMED,FALSE POSITIVE
964,CONFIRMED,CANDIDATE
973,CONFIRMED,FALSE POSITIVE
974,CONFIRMED,FALSE POSITIVE
975,CONFIRMED,CANDIDATE
976,CONFIRMED,FALSE POSITIVE
977,CONFIRMED,FALSE POSITIVE
978,CONFIRMED,FALSE POSITIVE
979,CONFIRMED,CANDIDATE
980,CONFIRMED,FALSE POSITIVE
981,CONFIRMED,CANDIDATE
982,CONFIRMED,CANDIDATE
983,CONFIRMED,CANDIDATE
984,CONFIRMED,FALSE POSITIVE
985,CONFIRMED,FALSE POSITIVE
986,CONFIRMED,CANDIDATE
987,CONFIRMED,CANDIDATE
988,CONFIRMED,FALSE POSITIVE
989,CONFIRMED,CANDIDATE
990,CONFIRMED,CANDIDATE
991,CONFIRMED,CANDIDATE
992,CONFIRMED,CANDIDATE
993,CONFIRMED,CANDIDATE
994,CONFIRMED,CANDIDATE
995,CONFIRMED,CANDIDATE
996,CONFIRMED,CANDIDATE
997,CONFIRMED,CANDIDATE
998,CONFIRMED,CANDIDATE
999,CONFIRMED,CANDIDATE
1000,CONFIRMED,FALSE POSITIVE
1001,CONFIRMED,CANDIDATE
1002,CONFIRMED,CANDIDATE
1003,CONFIRMED,FALSE POSITIVE
1004,CONFIRMED,FALSE POSITIVE
1005,CONFIRMED,FALSE POSITIVE
1006,CONFIRMED,FALSE POSITIVE
1007,CONFIRMED,FALSE POSITIVE
1008,CONFIRMED,FALSE POSITIVE
1009,CONFIRMED,FALSE POSITIVE
1010,CONFIRMED,FALSE POSITIVE
1011,CONFIRMED,CANDIDATE
1012,CONFIRMED,FALSE POSITIVE
1013,CONFIRMED,CANDIDATE
1014,CONFIRMED,CANDIDATE
1015,CONFIRMED,CANDIDATE
1016,CONFIRMED,FALSE POSITIVE
1017,CONFIRMED,FALSE POSITIVE
1018,CONFIRMED,CANDIDATE
1019,CONFIRMED,CANDIDATE
1020,CONFIRMED,CANDIDATE
1021,CONFIRMED,FALSE POSITIVE
1022,CONFIRMED,CANDIDATE
1023,CONFIRMED,FALSE POSITIVE
1024,CONFIRMED,CANDIDATE
1025,CONFIRMED,FALSE POSITIVE
1026,CONFIRMED,FALSE POSITIVE
1027,CONFIRMED,FALSE POSITIVE
1028,CONFIRMED,CANDIDATE
1029,CONFIRMED,CANDIDATE
1030,CONFIRMED,CANDIDATE
1031,CONFIRMED,FALSE POSITIVE
1032,CONFIRMED,CANDIDATE
1033,CONFIRMED,FALSE POSITIVE
1034,CONFIRMED,FALSE POSITIVE
1035,CONFIRMED,FALSE POSITIVE
1036,CONFIRMED,FALSE POSITIVE
1037,CONFIRMED,FALSE POSITIVE
1038,CONFIRMED,FALSE POSITIVE
1039,CONFIRMED,FALSE POSITIVE
1040,CONFIRMED,FALSE POSITIVE
1041,CONFIRMED,FALSE POSITIVE
1042,CONFIRMED,FALSE POSITIVE
1043,CONFIRMED,CANDIDATE
1044,CONFIRMED,CANDIDATE
1045,CONFIRMED,CANDIDATE
1046,CONFIRMED,CANDIDATE
1047,CONFIRMED,CANDIDATE
1048,CONFIRMED,FALSE POSITIVE
1049,CONFIRMED,FALSE POSITIVE
1050,CONFIRMED,FALSE POSITIVE
1051,CONFIRMED,CANDIDATE
1052,CONFIRMED,FALSE POSITIVE
1053,CONFIRMED,FALSE POSITIVE
1054,CONFIRMED,FALSE POSITIVE
1055,CONFIRMED,CANDIDATE
1056,CONFIRMED,CANDIDATE
1057,CONFIRMED,CANDIDATE
1058,CONFIRMED,CANDIDATE
1059,CONFIRMED,CANDIDATE
1060,CONFIRMED,CANDIDATE
1061,CONFIRMED,CANDIDATE
1062,CONFIRMED,CANDIDATE
1063,CONFIRMED,CANDIDATE
1064,CONFIRMED,CANDIDATE
1065,CONFIRMED,CANDIDATE
1066,CONFIRMED,CANDIDATE
1067,CONFIRMED,CANDIDATE
1068,CONFIRMED,CANDIDATE
1069,CONFIRMED,CANDIDATE
1070,CONFIRMED,FALSE POSITIVE
1071,CONFIRMED,CANDIDATE
1072,CONFIRMED,CANDIDATE
1073,CONFIRMED,FALSE POSITIVE
1074,CONFIRMED,FALSE POSITIVE
1075,CONFIRMED,FALSE POSITIVE
1076,CONFIRMED,CANDIDATE
1077,CONFIRMED,FALSE POSITIVE
1078,CONFIRMED,FALSE POSITIVE
1079,CONFIRMED,FALSE POSITIVE
1080,CONFIRMED,CANDIDATE
1081,CONFIRMED,FALSE POSITIVE
1082,CONFIRMED,CANDIDATE
1083,CONFIRMED,FALSE POSITIVE
1084,CONFIRMED,FALSE POSITIVE
1085,CONFIRMED,FALSE POSITIVE
1086,CONFIRMED,CANDIDATE
1087,CONFIRMED,FALSE POSITIVE
1088,CONFIRMED,CANDIDATE
1089,CONFIRMED,FALSE POSITIVE
1090,CONFIRMED,FALSE POSITIVE
1091,CONFIRMED,FALSE POSITIVE
1092,CONFIRMED,CANDIDATE
1093,CONFIRMED,CANDIDATE
1094,CONFIRMED,FALSE POSITIVE
1095,CONFIRMED,CANDIDATE
1096,CONFIRMED,CANDIDATE
1097,CONFIRMED,CANDIDATE
1098,CONFIRMED,CANDIDATE
1099,CONFIRMED,CANDIDATE
1100,CONFIRMED,CANDIDATE
1103,CANDIDATE,CONFIRMED
1107,CONFIRMED,CANDIDATE
1108,CONFIRMED,CANDIDATE
1109,CONFIRMED,CANDIDATE
1110,CONFIRMED,CANDIDATE
1111,CONFIRMED,CANDIDATE
1112,CONFIRMED,CANDIDATE
1113,CONFIRMED,CANDIDATE
1114,CONFIRMED,CANDIDATE
1115,CONFIRMED,CANDIDATE
1116,CONFIRMED,CANDIDATE
1117,CONFIRMED,CANDIDATE
1118,CONFIRMED,CANDIDATE
1119,CONFIRMED,CANDIDATE
1120,CONFIRMED,CANDIDATE
1121,CONFIRMED,CANDIDATE
1122,CONFIRMED,CANDIDATE
1123,CONFIRMED,CANDIDATE
1124,CONFIRMED,CANDIDATE
1125,CONFIRMED,CANDIDATE
1126,CONFIRMED,CANDIDATE
1127,CONFIRMED,CANDIDATE
1128,CONFIRMED,CANDIDATE
1129,CONFIRMED,CANDIDATE
1130,CONFIRMED,CANDIDATE
1131,CONFIRMED,CANDIDATE
1132,CONFIRMED,CANDIDATE
1133,CONFIRMED,CANDIDATE
1134,CONFIRMED,CANDIDATE
1135,CONFIRMED,CANDIDATE
1136,CONFIRMED,CANDIDATE
1137,CONFIRMED,CANDIDATE
1138,CONFIRMED,CANDIDATE
1139,CONFIRMED,CANDIDATE
1140,CONFIRMED,CANDIDATE
1141,CONFIRMED,CANDIDATE
1144,CONFIRMED,CANDIDATE
1145,CONFIRMED,CANDIDATE
1146,CONFIRMED,CANDIDATE
1147,CONFIRMED,CANDIDATE
1148,CONFIRMED,CANDIDATE
1149,CONFIRMED,CANDIDATE
1150,CONFIRMED,CANDIDATE
1151,CONFIRMED,CANDIDATE
1152,CONFIRMED,CANDIDATE
1153,CONFIRMED,CANDIDATE
1154,CONFIRMED,CANDIDATE
1155,CONFIRMED,CANDIDATE
1156,CONFIRMED,CANDIDATE
1157,CONFIRMED,CANDIDATE
1158,CONFIRMED,CANDIDATE
1159,CONFIRMED,CANDIDATE
1160,CONFIRMED,CANDIDATE
1161,CONFIRMED,CANDIDATE
1162,CONFIRMED,CANDIDATE
1163,CONFIRMED,CANDIDATE
1164,CONFIRMED,CANDIDATE
1165,CONFIRMED,CANDIDATE
1166,CONFIRMED,CANDIDATE
1167,CONFIRMED,CANDIDATE
1168,CONFIRMED,CANDIDATE
1169,CONFIRMED,CANDIDATE
1170,CONFIRMED,CANDIDATE
1171,CONFIRMED,CANDIDATE
1173,CONFIRMED,CANDIDATE
1174,CONFIRMED,CANDIDATE
1175,CONFIRMED,CANDIDATE
1176,CONFIRMED,CANDIDATE
1177,CONFIRMED,CANDIDATE
1178,CONFIRMED,CANDIDATE
1179,CONFIRMED,CANDIDATE
1180,CONFIRMED,CANDIDATE
1181,CONFIRMED,CANDIDATE
1182,CONFIRMED,CANDIDATE
1183,CONFIRMED,CANDIDATE
1184,CONFIRMED,CANDIDATE
1185,CONFIRMED,CANDIDATE
1186,CONFIRMED,CANDIDATE
1187,CONFIRMED,CANDIDATE
1188,CONFIRMED,CANDIDATE
1189,CONFIRMED,CANDIDATE
1190,CONFIRMED,CANDIDATE
1191,CONFIRMED,CANDIDATE
1192,CONFIRMED,CANDIDATE
1193,CONFIRMED,CANDIDATE
1194,CONFIRMED,CANDIDATE
1195,CONFIRMED,CANDIDATE
1196,CONFIRMED,CANDIDATE
1197,CONFIRMED,CANDIDATE
1198,CONFIRMED,FALSE POSITIVE
1199,CONFIRMED,FALSE POSITIVE
1200,CONFIRMED,CANDIDATE
1201,CONFIRMED,CANDIDATE
1202,CONFIRMED,CANDIDATE
1203,CONFIRMED,CANDIDATE
1204,CONFIRMED,CANDIDATE
1205,CONFIRMED,CANDIDATE
1206,CONFIRMED,CANDIDATE
1207,CONFIRMED,CANDIDATE
1208,CONFIRMED,CANDIDATE
1209,CONFIRMED,CANDIDATE
1210,CONFIRMED,CANDIDATE
1211,CONFIRMED,CANDIDATE
1212,CONFIRMED,CANDIDATE
1213,CONFIRMED,CANDIDATE
1223,CONFIRMED,CANDIDATE
1224,CONFIRMED,CANDIDATE
1225,CONFIRMED,CANDIDATE
1226,CONFIRMED,CANDIDATE
1227,CONFIRMED,CANDIDATE
1228,CONFIRMED,CANDIDATE
1229,CONFIRMED,CANDIDATE
1233,CONFIRMED,FALSE POSITIVE
1234,CONFIRMED,FALSE POSITIVE
1235,CONFIRMED,CANDIDATE
1236,CONFIRMED,CANDIDATE
1237,CONFIRMED,CANDIDATE
1238,CONFIRMED,CANDIDATE
1239,CONFIRMED,CANDIDATE
1240,CONFIRMED,CANDIDATE
1241,CONFIRMED,CANDIDATE
1242,CONFIRMED,CANDIDATE
1243,CONFIRMED,CANDIDATE
1244,CONFIRMED,CANDIDATE
1245,CONFIRMED,CANDIDATE
1246,CONFIRMED,CANDIDATE
1247,CONFIRMED,CANDIDATE
1248,CONFIRMED,CANDIDATE
1249,CONFIRMED,CANDIDATE
1250,CONFIRMED,CANDIDATE
1251,CONFIRMED,CANDIDATE
1252,CONFIRMED,CANDIDATE
1253,CONFIRMED,CANDIDATE
1254,CONFIRMED,CANDIDATE
1255,CONFIRMED,CANDIDATE
1256,CONFIRMED,CANDIDATE
1257,CONFIRMED,FALSE POSITIVE
1258,CONFIRMED,CANDIDATE
1259,CONFIRMED,CANDIDATE
1260,CONFIRMED,CANDIDATE
1261,CONFIRMED,CANDIDATE
1262,CONFIRMED,CANDIDATE
1263,CONFIRMED,CANDIDATE
1264,CONFIRMED,CANDIDATE
1265,CONFIRMED,CANDIDATE
1266,CONFIRMED,CANDIDATE
1267,CONFIRMED,CANDIDATE
1268,CONFIRMED,CANDIDATE
1269,CONFIRMED,CANDIDATE
1270,CONFIRMED,CANDIDATE
1271,CONFIRMED,CANDIDATE
1272,CONFIRMED,CANDIDATE
1273,CONFIRMED,CANDIDATE
1274,CONFIRMED,CANDIDATE
1275,CONFIRMED,CANDIDATE
1280,CONFIRMED,CANDIDATE
1281,CONFIRMED,CANDIDATE
1282,CONFIRMED,CANDIDATE
1283,CONFIRMED,CANDIDATE
1284,CONFIRMED,CANDIDATE
1285,CONFIRMED,CANDIDATE
1286,CONFIRMED,CANDIDATE
1287,CONFIRMED,CANDIDATE
1288,CONFIRMED,CANDIDATE
1289,CONFIRMED,CANDIDATE
1290,CONFIRMED,FALSE POSITIVE
1291,CONFIRMED,FALSE POSITIVE
1292,CONFIRMED,FALSE POSITIVE
1293,CONFIRMED,CANDIDATE
1294,CONFIRMED,CANDIDATE
1295,CONFIRMED,CANDIDATE
1296,CONFIRMED,CANDIDATE
1297,CONFIRMED,CANDIDATE
1298,CONFIRMED,CANDIDATE
1299,CONFIRMED,CANDIDATE
1300,CONFIRMED,CANDIDATE
1301,CONFIRMED,CANDIDATE
1302,CONFIRMED,CANDIDATE
1303,CONFIRMED,CANDIDATE
1304,CONFIRMED,CANDIDATE
1305,CONFIRMED,CANDIDATE
1306,CONFIRMED,CANDIDATE
1307,CONFIRMED,CANDIDATE
1308,CONFIRMED,CANDIDATE
1309,CONFIRMED,CANDIDATE
1310,CONFIRMED,CANDIDATE
1311,CONFIRMED,CANDIDATE
1312,CONFIRMED,CANDIDATE
1313,CONFIRMED,CANDIDATE
1314,CONFIRMED,CANDIDATE
1315,CONFIRMED,CANDIDATE
1316,CONFIRMED,CANDIDATE
1317,CONFIRMED,CANDIDATE
1318,CONFIRMED,CANDIDATE
1319,CONFIRMED,CANDIDATE
1320,CONFIRMED,CANDIDATE
1321,CONFIRMED,CANDIDATE
1322,CONFIRMED,CANDIDATE
1323,CONFIRMED,FALSE POSITIVE
1324,CONFIRMED,FALSE POSITIVE
1325,CONFIRMED,CANDIDATE
1326,CONFIRMED,CANDIDATE
1327,CONFIRMED,CANDIDATE
1328,CONFIRMED,CANDIDATE
1329,CONFIRMED,CANDIDATE
1330,CONFIRMED,CANDIDATE
1331,CONFIRMED,CANDIDATE
1332,CONFIRMED,CANDIDATE
1333,CONFIRMED,CANDIDATE
1334,CONFIRMED,CANDIDATE
1335,CONFIRMED,CANDIDATE
1336,CONFIRMED,CANDIDATE
1337,CONFIRMED,CANDIDATE
1338,CONFIRMED,CANDIDATE
1339,CONFIRMED,CANDIDATE
1340,CONFIRMED,CANDIDATE
1341,CONFIRMED,CANDIDATE
1342,CONFIRMED,CANDIDATE
1343,CONFIRMED,CANDIDATE
1344,CONFIRMED,CANDIDATE
1345,CONFIRMED,CANDIDATE
1346,CONFIRMED,CANDIDATE
1347,CONFIRMED,CANDIDATE
1348,CONFIRMED,CANDIDATE
1349,CONFIRMED,CANDIDATE
1350,CONFIRMED,CANDIDATE
1351,CONFIRMED,CANDIDATE
1352,CONFIRMED,CANDIDATE
1353,CONFIRMED,CANDIDATE
1354,CONFIRMED,CANDIDATE
1355,CONFIRMED,CANDIDATE
1356,CONFIRMED,CANDIDATE
1357,CONFIRMED,CANDIDATE
1358,CONFIRMED,CANDIDATE
1359,CONFIRMED,CANDIDATE
1360,CONFIRMED,CANDIDATE
1361,CONFIRMED,CANDIDATE
1362,CONFIRMED,CANDIDATE
1363,CONFIRMED,CANDIDATE
1364,CONFIRMED,CANDIDATE
1365,CONFIRMED,CANDIDATE
1366,CONFIRMED,CANDIDATE
1367,CONFIRMED,CANDIDATE
1368,CONFIRMED,CANDIDATE
1369,CONFIRMED,CANDIDATE
1370,CONFIRMED,CANDIDATE
1371,CONFIRMED,CANDIDATE
1372,CONFIRMED,CANDIDATE
1373,CONFIRMED,CANDIDATE
1374,CONFIRMED,CANDIDATE
1375,CONFIRMED,CANDIDATE
1376,CONFIRMED,CANDIDATE
1377,CONFIRMED,CANDIDATE
1378,CONFIRMED,CANDIDATE
1379,CONFIRMED,CANDIDATE
1380,CONFIRMED,CANDIDATE
1381,CONFIRMED,CANDIDATE
1382,CONFIRMED,CANDIDATE
1383,CONFIRMED,CANDIDATE
1384,CONFIRMED,CANDIDATE
1385,CONFIRMED,CANDIDATE
1386,CONFIRMED,CANDIDATE
1387,CONFIRMED,CANDIDATE
1388,CONFIRMED,CANDIDATE
1389,CONFIRMED,CANDIDATE
1390,CONFIRMED,CANDIDATE
1391,CONFIRMED,CANDIDATE
1392,CONFIRMED,CANDIDATE
1393,CONFIRMED,CANDIDATE
1394,CONFIRMED,CANDIDATE
1395,CONFIRMED,CANDIDATE
1396,CONFIRMED,CANDIDATE
1397,CONFIRMED,CANDIDATE
1398,CONFIRMED,CANDIDATE
1399,CONFIRMED,CANDIDATE
1400,CONFIRMED,CANDIDATE
1401,CONFIRMED,CANDIDATE
1402,CONFIRMED,CANDIDATE
1403,CONFIRMED,CANDIDATE
1404,CONFIRMED,CANDIDATE
1405,CONFIRMED,CANDIDATE
1406,CONFIRMED,CANDIDATE
1407,CONFIRMED,CANDIDATE
1408,CONFIRMED,CANDIDATE
1409,CONFIRMED,CANDIDATE
1410,CONFIRMED,CANDIDATE
1411,CONFIRMED,CANDIDATE
1412,CONFIRMED,CANDIDATE
1413,CONFIRMED,CANDIDATE
1414,CONFIRMED,CANDIDATE
1415,CONFIRMED,CANDIDATE
1416,CONFIRMED,CANDIDATE
1417,CONFIRMED,CANDIDATE
1418,CONFIRMED,CANDIDATE
1419,CONFIRMED,CANDIDATE
1420,CONFIRMED,CANDIDATE
1421,CONFIRMED,CANDIDATE
1422,CONFIRMED,CANDIDATE
1423,CONFIRMED,CANDIDATE
1424,CONFIRMED,CANDIDATE
1425,CONFIRMED,CANDIDATE
1426,CONFIRMED,CANDIDATE
1427,CONFIRMED,CANDIDATE
1428,CONFIRMED,CANDIDATE
1429,CONFIRMED,CANDIDATE
1430,CONFIRMED,CANDIDATE
1431,CONFIRMED,CANDIDATE
1432,CONFIRMED,CANDIDATE
1433,CONFIRMED,CANDIDATE
1434,CONFIRMED,CANDIDATE
1435,CONFIRMED,CANDIDATE
1436,CONFIRMED,CANDIDATE
1437,CONFIRMED,CANDIDATE
1438,CONFIRMED,CANDIDATE
1439,CONFIRMED,CANDIDATE
1440,CONFIRMED,CANDIDATE
1441,CONFIRMED,CANDIDATE
1442,CONFIRMED,CANDIDATE
1443,CONFIRMED,CANDIDATE
1444,CONFIRMED,CANDIDATE
1445,CONFIRMED,CANDIDATE
1446,CONFIRMED,CANDIDATE
1447,CONFIRMED,CANDIDATE
1448,CONFIRMED,CANDIDATE
1449,CONFIRMED,CANDIDATE
1450,CONFIRMED,CANDIDATE
1451,CONFIRMED,CANDIDATE
1452,CONFIRMED,CANDIDATE
1453,CONFIRMED,CANDIDATE
1454,CONFIRMED,CANDIDATE
1455,CONFIRMED,CANDIDATE
1456,CONFIRMED,CANDIDATE
1457,CONFIRMED,CANDIDATE
1458,CONFIRMED,CANDIDATE
1459,CONFIRMED,CANDIDATE
1460,CONFIRMED,CANDIDATE
1461,CONFIRMED,CANDIDATE
1462,CONFIRMED,CANDIDATE
1463,CONFIRMED,CANDIDATE
1464,CONFIRMED,CANDIDATE
1465,CONFIRMED,CANDIDATE
1466,CONFIRMED,CANDIDATE
1467,CONFIRMED,CANDIDATE
1468,CONFIRMED,CANDIDATE
1469,CONFIRMED,CANDIDATE
1470,CONFIRMED,CANDIDATE
1471,CONFIRMED,CANDIDATE
1472,CONFIRMED,CANDIDATE
1473,CONFIRMED,CANDIDATE
1474,CONFIRMED,CANDIDATE
1475,CONFIRMED,CANDIDATE
1476,CONFIRMED,CANDIDATE
1477,CONFIRMED,CANDIDATE
1478,CONFIRMED,CANDIDATE
1479,CONFIRMED,CANDIDATE
1480,CONFIRMED,CANDIDATE
1481,CONFIRMED,CANDIDATE
1482,CONFIRMED,CANDIDATE
1483,CONFIRMED,CANDIDATE
1484,CONFIRMED,CANDIDATE
1485,CONFIRMED,CANDIDATE
1487,CONFIRMED,CANDIDATE
1488,CONFIRMED,CANDIDATE
1489,CONFIRMED,CANDIDATE
1490,CONFIRMED,CANDIDATE
1494,CONFIRMED,CANDIDATE
1495,CONFIRMED,CANDIDATE
1496,CONFIRMED,CANDIDATE
1497,CONFIRMED,CANDIDATE
1498,CONFIRMED,CANDIDATE
1499,CONFIRMED,CANDIDATE
1500,CONFIRMED,CANDIDATE
1501,CONFIRMED,CANDIDATE
1502,CONFIRMED,CANDIDATE
1503,CONFIRMED,CANDIDATE
1504,CONFIRMED,CANDIDATE
1505,CONFIRMED,CANDIDATE
1506,CONFIRMED,CANDIDATE
1507,CONFIRMED,CANDIDATE
1508,CONFIRMED,CANDIDATE
1509,CONFIRMED,CANDIDATE
1510,CONFIRMED,CANDIDATE
1511,CONFIRMED,CANDIDATE
1512,CONFIRMED,CANDIDATE
1513,CONFIRMED,CANDIDATE
1514,CONFIRMED,CANDIDATE
1515,CONFIRMED,CANDIDATE
1516,CONFIRMED,CANDIDATE
1517,CONFIRMED,CANDIDATE
1518,CONFIRMED,CANDIDATE
1519,CONFIRMED,CANDIDATE
1520,CONFIRMED,CANDIDATE
1521,CONFIRMED,CANDIDATE
1522,CONFIRMED,CANDIDATE
1523,CONFIRMED,CANDIDATE
1524,FALSE POSITIVE,CONFIRMED
1526,CANDIDATE,CONFIRMED
1527,FALSE POSITIVE,CONFIRMED
1541,CONFIRMED,CANDIDATE
1542,CONFIRMED,CANDIDATE
1543,CONFIRMED,CANDIDATE
1544,CONFIRMED,CANDIDATE
1545,CONFIRMED,CANDIDATE
1546,CONFIRMED,CANDIDATE
1547,CONFIRMED,FALSE POSITIVE
1548,CONFIRMED,CANDIDATE
1549,CONFIRMED,CANDIDATE
1550,CONFIRMED,CANDIDATE
1551,CONFIRMED,FALSE POSITIVE
1552,CONFIRMED,FALSE POSITIVE
1553,CONFIRMED,CANDIDATE
1554,CONFIRMED,CANDIDATE
1555,CONFIRMED,CANDIDATE
1556,CONFIRMED,CANDIDATE
1557,CONFIRMED,CANDIDATE
1558,CONFIRMED,CANDIDATE
1559,CONFIRMED,CANDIDATE
1560,CONFIRMED,CANDIDATE
1561,CONFIRMED,CANDIDATE
1564,CONFIRMED,CANDIDATE
1565,CONFIRMED,CANDIDATE
1566,CONFIRMED,CANDIDATE
1567,CONFIRMED,CANDIDATE
1568,CONFIRMED,CANDIDATE
1569,CONFIRMED,CANDIDATE
1570,CONFIRMED,CANDIDATE
1571,CONFIRMED,CANDIDATE
1572,CONFIRMED,CANDIDATE
1573,CONFIRMED,CANDIDATE
1574,CONFIRMED,CANDIDATE
1575,CONFIRMED,CANDIDATE
1576,CONFIRMED,CANDIDATE
1577,CONFIRMED,CANDIDATE
1578,CONFIRMED,CANDIDATE
1579,CONFIRMED,CANDIDATE
1580,CONFIRMED,CANDIDATE
1581,CONFIRMED,CANDIDATE
1582,CONFIRMED,CANDIDATE
1583,CONFIRMED,CANDIDATE
1584,CONFIRMED,CANDIDATE
1585,CONFIRMED,CANDIDATE
1586,CONFIRMED,CANDIDATE
1587,CONFIRMED,CANDIDATE
1588,CONFIRMED,CANDIDATE
1589,CONFIRMED,CANDIDATE
1590,CONFIRMED,CANDIDATE
1591,CONFIRMED,CANDIDATE
1592,CONFIRMED,CANDIDATE
1593,CONFIRMED,CANDIDATE
1594,CONFIRMED,CANDIDATE
1595,CONFIRMED,CANDIDATE
1596,CONFIRMED,CANDIDATE
1597,CONFIRMED,CANDIDATE
1598,CONFIRMED,CANDIDATE
1599,CONFIRMED,CANDIDATE
1600,CONFIRMED,CANDIDATE
1602,CONFIRMED,CANDIDATE
1603,CONFIRMED,CANDIDATE
1604,CONFIRMED,CANDIDATE
1605,CONFIRMED,CANDIDATE
1606,CONFIRMED,CANDIDATE
1607,CONFIRMED,CANDIDATE
1608,CONFIRMED,CANDIDATE
1609,CONFIRMED,CANDIDATE
1610,CONFIRMED,CANDIDATE
1611,CONFIRMED,CANDIDATE
1612,CONFIRMED,CANDIDATE
1613,CONFIRMED,CANDIDATE
1614,CONFIRMED,CANDIDATE
1615,CONFIRMED,CANDIDATE
1617,CONFIRMED,CANDIDATE
1618,CONFIRMED,CANDIDATE
1619,CONFIRMED,CANDIDATE
1620,CONFIRMED,CANDIDATE
1621,CONFIRMED,CANDIDATE
1622,CONFIRMED,CANDIDATE
1623,CONFIRMED,CANDIDATE
1624,CONFIRMED,CANDIDATE
1625,CONFIRMED,CANDIDATE
1626,CONFIRMED,CANDIDATE
1627,CONFIRMED,CANDIDATE
1628,CONFIRMED,CANDIDATE
1629,CONFIRMED,CANDIDATE
1630,CONFIRMED,CANDIDATE
1631,CONFIRMED,CANDIDATE
1632,CONFIRMED,CANDIDATE
1633,CONFIRMED,CANDIDATE
1634,CONFIRMED,CANDIDATE
1635,CONFIRMED,CANDIDATE
1636,CONFIRMED,CANDIDATE
1637,CONFIRMED,CANDIDATE
1638,CONFIRMED,CANDIDATE
1639,CONFIRMED,CANDIDATE
1640,CONFIRMED,CANDIDATE
1641,CONFIRMED,CANDIDATE
1642,CONFIRMED,CANDIDATE
1643,CONFIRMED,CANDIDATE
1644,CONFIRMED,CANDIDATE
1645,CONFIRMED,CANDIDATE
1646,CONFIRMED,CANDIDATE
1647,CONFIRMED,CANDIDATE
1648,CONFIRMED,CANDIDATE
1649,CONFIRMED,CANDIDATE
1650,CONFIRMED,CANDIDATE
1651,CONFIRMED,CANDIDATE
1653,CONFIRMED,CANDIDATE
1654,CONFIRMED,CANDIDATE
1655,CONFIRMED,CANDIDATE
1656,CONFIRMED,CANDIDATE
1657,CONFIRMED,CANDIDATE
1658,CONFIRMED,CANDIDATE
1659,CONFIRMED,CANDIDATE
1660,CONFIRMED,CANDIDATE
1661,CONFIRMED,CANDIDATE
1662,CONFIRMED,CANDIDATE
1663,CONFIRMED,CANDIDATE
1664,CONFIRMED,CANDIDATE
1665,CONFIRMED,CANDIDATE
1666,CONFIRMED,CANDIDATE
1667,CONFIRMED,CANDIDATE
1668,CONFIRMED,CANDIDATE
1669,CONFIRMED,CANDIDATE
1670,CONFIRMED,CANDIDATE
1671,CONFIRMED,CANDIDATE
1672,CONFIRMED,CANDIDATE
1673,CONFIRMED,CANDIDATE
1674,CONFIRMED,CANDIDATE
1675,CONFIRMED,CANDIDATE
1676,CONFIRMED,CANDIDATE
1680,CONFIRMED,CANDIDATE
1681,CONFIRMED,CANDIDATE
1682,CONFIRMED,CANDIDATE
1683,CONFIRMED,CANDIDATE
1684,CONFIRMED,CANDIDATE
1685,CONFIRMED,CANDIDATE
1686,CONFIRMED,FALSE POSITIVE
1687,CONFIRMED,FALSE POSITIVE
1688,CONFIRMED,CANDIDATE
1689,CONFIRMED,FALSE POSITIVE
1690,CONFIRMED,CANDIDATE
1691,CONFIRMED,CANDIDATE
1692,CONFIRMED,CANDIDATE
1693,CONFIRMED,FALSE POSITIVE
1694,CONFIRMED,FALSE POSITIVE
1695,CONFIRMED,FALSE POSITIVE
1696,CONFIRMED,FALSE POSITIVE
1697,CONFIRMED,FALSE POSITIVE
1698,CONFIRMED,FALSE POSITIVE
1699,CONFIRMED,FALSE POSITIVE
1700,CONFIRMED,FALSE POSITIVE
1701,CONFIRMED,FALSE POSITIVE
1702,CONFIRMED,FALSE POSITIVE
1703,CONFIRMED,FALSE POSITIVE
1704,CONFIRMED,FALSE POSITIVE
1705,CONFIRMED,CANDIDATE
1706,CONFIRMED,FALSE POSITIVE
1707,CONFIRMED,FALSE POSITIVE
1708,CONFIRMED,FALSE POSITIVE
1709,CONFIRMED,FALSE POSITIVE
1710,CONFIRMED,FALSE POSITIVE
1711,CONFIRMED,CANDIDATE
1712,CONFIRMED,FALSE POSITIVE
1713,CONFIRMED,FALSE POSITIVE
1714,CONFIRMED,CANDIDATE
1715,CONFIRMED,CANDIDATE
1716,CONFIRMED,FALSE POSITIVE
1717,CONFIRMED,FALSE POSITIVE
1735,CANDIDATE,CONFIRMED
1747,CANDIDATE,CONFIRMED
1758,CANDIDATE,CONFIRMED
1761,CANDIDATE,CONFIRMED
1774,FALSE POSITIVE,CONFIRMED
1777,CANDIDATE,CONFIRMED
1778,CANDIDATE,CONFIRMED
1779,CANDIDATE,CONFIRMED
1826,CANDIDATE,CONFIRMED
1858,CANDIDATE,CONFIRMED
1992,FALSE POSITIVE,CONFIRMED
1994,CANDIDATE,CONFIRMED
2012,FALSE POSITIVE,CONFIRMED
2045,FALSE POSITIVE,CONFIRMED
2061,CANDIDATE,CONFIRMED
2093,CANDIDATE,CONFIRMED
2237,CANDIDATE,CONFIRMED
2258,CANDIDATE,CONFIRMED
2393,CANDIDATE,CONFIRMED
2428,FALSE POSITIVE,CONFIRMED
2439,FALSE POSITIVE,CONFIRMED
2456,CANDIDATE,CONFIRMED
2457,FALSE POSITIVE,CONFIRMED
2463,CONFIRMED,CANDIDATE
2476,CANDIDATE,CONFIRMED
2480,CANDIDATE,CONFIRMED
2481,CANDIDATE,CONFIRMED
2537,CANDIDATE,CONFIRMED
2556,CANDIDATE,CONFIRMED
2797,CANDIDATE,CONFIRMED
2837,CANDIDATE,CONFIRMED
2846,CANDIDATE,CONFIRMED
3041,CANDIDATE,CONFIRMED
3107,CANDIDATE,CONFIRMED
3144,CONFIRMED,FALSE POSITIVE
3145,CONFIRMED,FALSE POSITIVE
3146,CONFIRMED,FALSE POSITIVE
3147,CONFIRMED,FALSE POSITIVE
3148,CANDIDATE,CONFIRMED
3229,CONFIRMED,FALSE POSITIVE
3230,CONFIRMED,FALSE POSITIVE
3231,CONFIRMED,FALSE POSITIVE
3232,CONFIRMED,FALSE POSITIVE
3233,CONFIRMED,FALSE POSITIVE
3278,CONFIRMED,FALSE POSITIVE
3279,CONFIRMED,FALSE POSITIVE
3280,CONFIRMED,FALSE POSITIVE
3281,CONFIRMED,FALSE POSITIVE
3282,CONFIRMED,FALSE POSITIVE
3288,CONFIRMED,FALSE POSITIVE
3315,CONFIRMED,FALSE POSITIVE
3329,CANDIDATE,CONFIRMED
3344,CANDIDATE,CONFIRMED
3362,CANDIDATE,CONFIRMED
3363,CONFIRMED,FALSE POSITIVE
3372,CANDIDATE,CONFIRMED
3394,CANDIDATE,CONFIRMED
3398,CANDIDATE,CONFIRMED
3399,CANDIDATE,CONFIRMED
3401,CANDIDATE,CONFIRMED
3442,CANDIDATE,CONFIRMED
3458,CANDIDATE,CONFIRMED
3502,CANDIDATE,CONFIRMED
