,K2_Data,K2_Model4_Merged
3,CANDIDATE,CONFIRMED
4,CANDIDATE,CONFIRMED
5,CANDIDATE,CONFIRMED
6,CANDIDATE,CONFIRMED
7,CANDIDATE,CONFIRMED
8,CANDIDATE,CONFIRMED
9,CANDIDATE,CONFIRMED
10,CANDIDATE,CONFIRMED
12,CANDIDATE,CONFIRMED
14,CANDIDATE,CONFIRMED
15,CANDIDATE,CONFIRMED
16,CANDIDATE,CONFIRMED
17,CANDIDATE,CONFIRMED
18,CANDIDATE,CONFIRMED
19,CANDIDATE,CONFIRMED
20,CANDIDATE,CONFIRMED
23,CANDIDATE,CONFIRMED
24,CANDIDATE,CONFIRMED
25,CANDIDATE,CONFIRMED
26,CANDIDATE,CONFIRMED
27,CANDIDATE,CONFIRMED
28,CANDIDATE,CONFIRMED
29,CANDIDATE,CONFIRMED
30,CANDIDATE,CONFIRMED
33,CANDIDATE,CONFIRMED
34,CANDIDATE,CONFIRMED
35,CANDIDATE,CONFIRMED
36,CANDIDATE,CONFIRMED
37,CANDIDATE,CONFIRMED
38,CANDIDATE,CONFIRMED
39,CANDIDATE,CONFIRMED
40,CANDIDATE,CONFIRMED
41,CANDIDATE,CONFIRMED
42,CANDIDATE,CONFIRMED
43,CANDIDATE,CONFIRMED
48,CANDIDATE,CONFIRMED
49,CANDIDATE,CONFIRMED
50,CANDIDATE,CONFIRMED
51,CANDIDATE,CONFIRMED
52,CANDIDATE,CONFIRMED
54,CANDIDATE,CONFIRMED
55,CANDIDATE,CONFIRMED
57,CANDIDATE,CONFIRMED
58,CANDIDATE,CONFIRMED
59,CANDIDATE,CONFIRMED
60,CANDIDATE,CONFIRMED
61,CANDIDATE,CONFIRMED
62,CANDIDATE,CONFIRMED
64,CANDIDATE,CONFIRMED
65,CANDIDATE,CONFIRMED
66,CANDIDATE,CONFIRMED
67,CANDIDATE,CONFIRMED
68,CANDIDATE,CONFIRMED
69,CANDIDATE,CONFIRMED
70,CANDIDATE,CONFIRMED
71,CANDIDATE,CONFIRMED
72,CANDIDATE,CONFIRMED
73,CANDIDATE,CONFIRMED
74,CANDIDATE,CONFIRMED
75,CANDIDATE,CONFIRMED
76,CANDIDATE,CONFIRMED
77,CANDIDATE,CONFIRMED
78,CANDIDATE,CONFIRMED
79,CANDIDATE,CONFIRMED
80,CANDIDATE,CONFIRMED
81,CANDIDATE,CONFIRMED
82,CANDIDATE,CONFIRMED
84,CANDIDATE,CONFIRMED
85,CANDIDATE,CONFIRMED
86,CANDIDATE,CONFIRMED
87,CANDIDATE,CONFIRMED
88,CANDIDATE,CONFIRMED
89,CANDIDATE,CONFIRMED
90,CANDIDATE,CONFIRMED
93,CANDIDATE,CONFIRMED
94,CANDIDATE,CONFIRMED
95,CANDIDATE,CONFIRMED
96,CANDIDATE,CONFIRMED
97,CANDIDATE,CONFIRMED
101,CANDIDATE,CONFIRMED
102,CANDIDATE,CONFIRMED
103,CANDIDATE,CONFIRMED
104,CANDIDATE,CONFIRMED
105,CANDIDATE,CONFIRMED
107,CANDIDATE,CONFIRMED
108,CANDIDATE,CONFIRMED
109,CANDIDATE,CONFIRMED
110,CANDIDATE,CONFIRMED
111,CANDIDATE,CONFIRMED
112,CANDIDATE,CONFIRMED
113,CANDIDATE,CONFIRMED
114,CANDIDATE,CONFIRMED
115,CANDIDATE,CONFIRMED
116,CANDIDATE,CONFIRMED
117,CANDIDATE,CONFIRMED
118,CANDIDATE,CONFIRMED
119,CANDIDATE,CONFIRMED
122,CANDIDATE,CONFIRMED
123,CANDIDATE,CONFIRMED
124,CANDIDATE,CONFIRMED
125,CANDIDATE,CONFIRMED
126,CANDIDATE,CONFIRMED
127,CANDIDATE,CONFIRMED
128,CANDIDATE,CONFIRMED
129,CANDIDATE,CONFIRMED
130,CANDIDATE,CONFIRMED
131,CANDIDATE,CONFIRMED
132,CANDIDATE,CONFIRMED
133,CANDIDATE,CONFIRMED
134,CANDIDATE,CONFIRMED
135,CANDIDATE,CONFIRMED
136,CANDIDATE,CONFIRMED
137,CANDIDATE,CONFIRMED
138,CANDIDATE,CONFIRMED
139,CANDIDATE,CONFIRMED
142,CANDIDATE,CONFIRMED
147,CANDIDATE,CONFIRMED
148,CANDIDATE,CONFIRMED
149,CANDIDATE,CONFIRMED
150,CANDIDATE,CONFIRMED
151,CANDIDATE,CONFIRMED
152,CANDIDATE,CONFIRMED
153,CANDIDATE,CONFIRMED
154,CANDIDATE,CONFIRMED
155,CANDIDATE,CONFIRMED
158,CANDIDATE,CONFIRMED
162,CANDIDATE,CONFIRMED
163,CANDIDATE,CONFIRMED
164,CANDIDATE,CONFIRMED
165,CANDIDATE,CONFIRMED
166,CANDIDATE,CONFIRMED
167,CANDIDATE,CONFIRMED
168,CANDIDATE,CONFIRMED
169,CANDIDATE,CONFIRMED
170,CANDIDATE,CONFIRMED
171,CANDIDATE,CONFIRMED
172,CANDIDATE,CONFIRMED
173,CANDIDATE,CONFIRMED
174,CANDIDATE,CONFIRMED
175,CANDIDATE,CONFIRMED
176,CANDIDATE,CONFIRMED
177,CANDIDATE,CONFIRMED
178,CANDIDATE,CONFIRMED
179,CANDIDATE,CONFIRMED
184,CANDIDATE,CONFIRMED
185,CANDIDATE,CONFIRMED
186,CANDIDATE,CONFIRMED
187,CANDIDATE,CONFIRMED
188,CANDIDATE,CONFIRMED
189,CANDIDATE,CONFIRMED
190,CANDIDATE,CONFIRMED
191,CANDIDATE,CONFIRMED
192,CANDIDATE,CONFIRMED
193,CANDIDATE,CONFIRMED
194,CANDIDATE,CONFIRMED
195,CANDIDATE,CONFIRMED
196,CANDIDATE,CONFIRMED
197,CANDIDATE,CONFIRMED
198,CANDIDATE,CONFIRMED
199,CANDIDATE,CONFIRMED
201,CANDIDATE,CONFIRMED
202,CANDIDATE,CONFIRMED
203,CANDIDATE,CONFIRMED
204,CANDIDATE,CONFIRMED
205,CANDIDATE,CONFIRMED
206,CANDIDATE,CONFIRMED
207,CANDIDATE,CONFIRMED
208,CANDIDATE,CONFIRMED
209,CANDIDATE,CONFIRMED
210,CANDIDATE,CONFIRMED
211,CANDIDATE,CONFIRMED
212,CANDIDATE,CONFIRMED
213,CANDIDATE,CONFIRMED
214,CANDIDATE,CONFIRMED
215,CANDIDATE,CONFIRMED
216,CANDIDATE,CONFIRMED
217,CANDIDATE,CONFIRMED
218,CANDIDATE,CONFIRMED
219,CANDIDATE,CONFIRMED
220,CANDIDATE,CONFIRMED
221,CANDIDATE,CONFIRMED
222,CANDIDATE,CONFIRMED
223,CANDIDATE,CONFIRMED
224,CANDIDATE,CONFIRMED
225,CANDIDATE,CONFIRMED
226,CANDIDATE,CONFIRMED
227,CANDIDATE,CONFIRMED
228,CANDIDATE,CONFIRMED
229,CANDIDATE,CONFIRMED
230,CANDIDATE,CONFIRMED
234,CANDIDATE,CONFIRMED
235,CANDIDATE,CONFIRMED
241,CANDIDATE,CONFIRMED
242,CANDIDATE,CONFIRMED
243,CANDIDATE,CONFIRMED
244,CANDIDATE,CONFIRMED
245,CANDIDATE,CONFIRMED
246,CANDIDATE,CONFIRMED
247,CANDIDATE,CONFIRMED
248,CANDIDATE,CONFIRMED
249,CANDIDATE,CONFIRMED
250,CANDIDATE,CONFIRMED
251,CANDIDATE,CONFIRMED
252,CANDIDATE,CONFIRMED
253,CANDIDATE,CONFIRMED
254,CANDIDATE,CONFIRMED
255,CANDIDATE,CONFIRMED
256,CANDIDATE,CONFIRMED
257,CANDIDATE,CONFIRMED
258,CANDIDATE,CONFIRMED
259,CANDIDATE,CONFIRMED
260,CANDIDATE,CONFIRMED
262,CANDIDATE,CONFIRMED
263,CANDIDATE,CONFIRMED
264,CANDIDATE,CONFIRMED
265,CANDIDATE,CONFIRMED
266,CANDIDATE,CONFIRMED
267,CANDIDATE,CONFIRMED
268,CANDIDATE,CONFIRMED
269,CANDIDATE,CONFIRMED
270,CANDIDATE,CONFIRMED
271,CANDIDATE,CONFIRMED
272,CANDIDATE,CONFIRMED
273,CANDIDATE,CONFIRMED
276,CANDIDATE,CONFIRMED
277,CANDIDATE,CONFIRMED
278,CANDIDATE,CONFIRMED
280,CANDIDATE,CONFIRMED
281,CANDIDATE,CONFIRMED
282,CANDIDATE,CONFIRMED
287,CANDIDATE,CONFIRMED
288,CANDIDATE,CONFIRMED
289,CANDIDATE,CONFIRMED
290,CANDIDATE,CONFIRMED
295,CANDIDATE,CONFIRMED
296,CANDIDATE,CONFIRMED
298,CANDIDATE,CONFIRMED
299,CANDIDATE,CONFIRMED
300,CANDIDATE,CONFIRMED
301,CANDIDATE,CONFIRMED
303,CANDIDATE,CONFIRMED
304,CANDIDATE,CONFIRMED
305,CANDIDATE,CONFIRMED
306,CANDIDATE,CONFIRMED
309,CANDIDATE,CONFIRMED
310,CANDIDATE,CONFIRMED
311,CANDIDATE,CONFIRMED
312,CANDIDATE,CONFIRMED
313,CANDIDATE,CONFIRMED
314,CANDIDATE,CONFIRMED
317,CANDIDATE,CONFIRMED
319,CANDIDATE,CONFIRMED
320,CANDIDATE,CONFIRMED
321,CANDIDATE,CONFIRMED
322,CANDIDATE,CONFIRMED
323,CANDIDATE,CONFIRMED
324,CANDIDATE,CONFIRMED
325,CANDIDATE,CONFIRMED
326,CANDIDATE,CONFIRMED
327,CANDIDATE,CONFIRMED
328,CANDIDATE,CONFIRMED
330,CANDIDATE,CONFIRMED
331,CANDIDATE,CONFIRMED
332,CANDIDATE,CONFIRMED
335,CANDIDATE,CONFIRMED
337,CANDIDATE,CONFIRMED
338,CANDIDATE,CONFIRMED
339,CANDIDATE,CONFIRMED
340,CANDIDATE,CONFIRMED
341,CANDIDATE,CONFIRMED
342,CANDIDATE,CONFIRMED
343,CANDIDATE,CONFIRMED
344,CANDIDATE,CONFIRMED
345,CANDIDATE,CONFIRMED
346,CANDIDATE,CONFIRMED
347,CANDIDATE,CONFIRMED
348,CANDIDATE,CONFIRMED
349,CANDIDATE,CONFIRMED
350,CANDIDATE,CONFIRMED
351,CANDIDATE,CONFIRMED
353,CANDIDATE,CONFIRMED
354,CANDIDATE,CONFIRMED
359,CANDIDATE,CONFIRMED
360,CANDIDATE,CONFIRMED
361,CANDIDATE,CONFIRMED
362,CANDIDATE,CONFIRMED
363,CANDIDATE,CONFIRMED
364,CANDIDATE,CONFIRMED
369,CANDIDATE,CONFIRMED
370,CANDIDATE,CONFIRMED
371,CANDIDATE,CONFIRMED
372,CANDIDATE,CONFIRMED
373,CANDIDATE,CONFIRMED
374,CANDIDATE,CONFIRMED
375,CANDIDATE,CONFIRMED
376,CANDIDATE,CONFIRMED
377,CANDIDATE,CONFIRMED
378,CANDIDATE,CONFIRMED
379,CANDIDATE,CONFIRMED
380,CANDIDATE,CONFIRMED
381,CANDIDATE,CONFIRMED
382,CANDIDATE,CONFIRMED
384,CANDIDATE,CONFIRMED
385,CANDIDATE,CONFIRMED
386,CANDIDATE,CONFIRMED
387,CANDIDATE,CONFIRMED
388,CANDIDATE,CONFIRMED
389,CANDIDATE,CONFIRMED
390,CANDIDATE,CONFIRMED
391,CANDIDATE,CONFIRMED
392,CANDIDATE,CONFIRMED
393,CANDIDATE,CONFIRMED
394,CANDIDATE,CONFIRMED
396,CANDIDATE,CONFIRMED
397,CANDIDATE,CONFIRMED
398,CANDIDATE,CONFIRMED
399,CANDIDATE,CONFIRMED
400,CANDIDATE,CONFIRMED
401,CANDIDATE,CONFIRMED
402,CANDIDATE,CONFIRMED
403,CANDIDATE,CONFIRMED
404,CANDIDATE,CONFIRMED
405,CANDIDATE,CONFIRMED
406,CANDIDATE,CONFIRMED
410,CANDIDATE,CONFIRMED
411,CANDIDATE,CONFIRMED
412,CANDIDATE,CONFIRMED
413,CANDIDATE,CONFIRMED
414,CANDIDATE,CONFIRMED
415,CANDIDATE,CONFIRMED
416,CANDIDATE,CONFIRMED
417,CANDIDATE,CONFIRMED
418,CANDIDATE,CONFIRMED
421,CANDIDATE,CONFIRMED
422,CANDIDATE,CONFIRMED
423,CANDIDATE,CONFIRMED
424,CANDIDATE,CONFIRMED
425,CANDIDATE,CONFIRMED
426,CANDIDATE,CONFIRMED
427,CANDIDATE,CONFIRMED
437,CANDIDATE,CONFIRMED
438,CANDIDATE,CONFIRMED
439,CANDIDATE,CONFIRMED
440,CANDIDATE,CONFIRMED
441,CANDIDATE,CONFIRMED
442,CANDIDATE,CONFIRMED
443,CANDIDATE,CONFIRMED
445,CANDIDATE,CONFIRMED
446,CANDIDATE,CONFIRMED
447,CANDIDATE,CONFIRMED
453,CANDIDATE,CONFIRMED
454,CANDIDATE,CONFIRMED
455,CANDIDATE,CONFIRMED
456,CANDIDATE,CONFIRMED
457,CANDIDATE,CONFIRMED
458,CANDIDATE,CONFIRMED
459,CANDIDATE,CONFIRMED
460,CANDIDATE,CONFIRMED
462,CANDIDATE,CONFIRMED
463,CANDIDATE,CONFIRMED
464,CANDIDATE,CONFIRMED
465,CANDIDATE,CONFIRMED
466,CANDIDATE,CONFIRMED
467,CANDIDATE,CONFIRMED
468,CANDIDATE,CONFIRMED
469,CANDIDATE,CONFIRMED
470,CANDIDATE,CONFIRMED
471,CANDIDATE,CONFIRMED
472,CANDIDATE,CONFIRMED
473,CANDIDATE,CONFIRMED
474,CANDIDATE,CONFIRMED
475,CANDIDATE,CONFIRMED
476,CANDIDATE,CONFIRMED
477,CANDIDATE,CONFIRMED
478,CANDIDATE,CONFIRMED
479,CANDIDATE,CONFIRMED
480,CANDIDATE,CONFIRMED
481,CANDIDATE,CONFIRMED
482,CANDIDATE,CONFIRMED
483,CANDIDATE,CONFIRMED
484,CANDIDATE,CONFIRMED
485,CANDIDATE,CONFIRMED
486,CANDIDATE,CONFIRMED
487,CANDIDATE,CONFIRMED
488,CANDIDATE,CONFIRMED
489,CANDIDATE,CONFIRMED
490,CANDIDATE,CONFIRMED
494,CANDIDATE,CONFIRMED
495,CANDIDATE,CONFIRMED
496,CANDIDATE,CONFIRMED
497,CANDIDATE,CONFIRMED
498,CANDIDATE,CONFIRMED
500,CANDIDATE,CONFIRMED
501,CANDIDATE,CONFIRMED
502,CANDIDATE,CONFIRMED
503,CANDIDATE,CONFIRMED
504,CANDIDATE,CONFIRMED
505,CANDIDATE,CONFIRMED
506,CANDIDATE,CONFIRMED
507,CANDIDATE,CONFIRMED
513,CANDIDATE,CONFIRMED
514,CANDIDATE,CONFIRMED
515,CANDIDATE,CONFIRMED
516,CANDIDATE,CONFIRMED
517,CANDIDATE,CONFIRMED
518,CANDIDATE,CONFIRMED
519,CANDIDATE,CONFIRMED
520,CANDIDATE,CONFIRMED
521,CANDIDATE,CONFIRMED
522,CANDIDATE,CONFIRMED
523,CANDIDATE,CONFIRMED
524,CANDIDATE,CONFIRMED
525,CANDIDATE,CONFIRMED
526,CANDIDATE,CONFIRMED
527,CANDIDATE,CONFIRMED
528,CANDIDATE,CONFIRMED
529,CANDIDATE,CONFIRMED
530,CANDIDATE,CONFIRMED
531,CANDIDATE,CONFIRMED
532,CANDIDATE,CONFIRMED
533,CANDIDATE,CONFIRMED
534,CANDIDATE,CONFIRMED
535,CANDIDATE,CONFIRMED
536,CANDIDATE,CONFIRMED
538,CANDIDATE,CONFIRMED
539,CANDIDATE,CONFIRMED
540,CANDIDATE,CONFIRMED
541,CANDIDATE,CONFIRMED
542,CANDIDATE,CONFIRMED
543,CANDIDATE,CONFIRMED
544,CANDIDATE,CONFIRMED
545,CANDIDATE,CONFIRMED
546,CANDIDATE,CONFIRMED
547,CANDIDATE,CONFIRMED
548,CANDIDATE,CONFIRMED
554,CANDIDATE,CONFIRMED
555,CANDIDATE,CONFIRMED
556,CANDIDATE,CONFIRMED
557,CANDIDATE,CONFIRMED
558,CANDIDATE,CONFIRMED
559,CANDIDATE,CONFIRMED
562,CANDIDATE,CONFIRMED
563,CANDIDATE,CONFIRMED
564,CANDIDATE,CONFIRMED
565,CANDIDATE,CONFIRMED
566,CANDIDATE,CONFIRMED
567,CANDIDATE,CONFIRMED
568,CANDIDATE,CONFIRMED
569,CANDIDATE,CONFIRMED
570,CANDIDATE,CONFIRMED
571,CANDIDATE,CONFIRMED
572,CANDIDATE,CONFIRMED
573,CANDIDATE,CONFIRMED
574,CANDIDATE,CONFIRMED
575,CANDIDATE,CONFIRMED
576,CANDIDATE,CONFIRMED
577,CANDIDATE,CONFIRMED
578,CANDIDATE,CONFIRMED
579,CANDIDATE,CONFIRMED
580,CANDIDATE,CONFIRMED
581,CANDIDATE,CONFIRMED
582,CANDIDATE,CONFIRMED
583,CANDIDATE,CONFIRMED
584,CANDIDATE,CONFIRMED
585,CANDIDATE,CONFIRMED
586,CANDIDATE,CONFIRMED
587,CANDIDATE,CONFIRMED
588,CANDIDATE,CONFIRMED
589,CANDIDATE,CONFIRMED
590,CANDIDATE,CONFIRMED
591,CANDIDATE,CONFIRMED
592,CANDIDATE,CONFIRMED
593,CANDIDATE,CONFIRMED
594,CANDIDATE,CONFIRMED
595,CANDIDATE,CONFIRMED
596,CANDIDATE,CONFIRMED
603,CANDIDATE,CONFIRMED
604,CANDIDATE,CONFIRMED
605,CANDIDATE,CONFIRMED
606,CANDIDATE,CONFIRMED
607,CANDIDATE,CONFIRMED
608,CANDIDATE,CONFIRMED
610,CANDIDATE,CONFIRMED
611,CANDIDATE,CONFIRMED
612,CANDIDATE,CONFIRMED
614,CANDIDATE,CONFIRMED
615,CANDIDATE,CONFIRMED
616,CANDIDATE,CONFIRMED
617,CANDIDATE,CONFIRMED
618,CANDIDATE,CONFIRMED
619,CANDIDATE,CONFIRMED
620,CANDIDATE,CONFIRMED
621,CANDIDATE,CONFIRMED
622,CANDIDATE,CONFIRMED
623,CANDIDATE,CONFIRMED
625,CANDIDATE,CONFIRMED
626,CANDIDATE,CONFIRMED
627,CANDIDATE,CONFIRMED
628,CANDIDATE,CONFIRMED
629,CANDIDATE,CONFIRMED
630,CANDIDATE,CONFIRMED
631,CANDIDATE,CONFIRMED
632,CANDIDATE,CONFIRMED
633,CANDIDATE,CONFIRMED
634,CANDIDATE,CONFIRMED
635,CANDIDATE,CONFIRMED
636,CANDIDATE,CONFIRMED
637,CANDIDATE,CONFIRMED
639,CANDIDATE,CONFIRMED
640,CANDIDATE,CONFIRMED
642,CANDIDATE,CONFIRMED
643,CANDIDATE,CONFIRMED
644,CANDIDATE,CONFIRMED
645,CANDIDATE,CONFIRMED
646,CANDIDATE,CONFIRMED
647,CANDIDATE,CONFIRMED
648,CANDIDATE,CONFIRMED
649,CANDIDATE,CONFIRMED
650,CANDIDATE,CONFIRMED
651,CANDIDATE,CONFIRMED
652,CANDIDATE,CONFIRMED
653,CANDIDATE,CONFIRMED
654,CANDIDATE,CONFIRMED
655,CANDIDATE,CONFIRMED
657,CANDIDATE,CONFIRMED
658,CANDIDATE,CONFIRMED
659,CANDIDATE,CONFIRMED
660,CANDIDATE,CONFIRMED
661,CANDIDATE,CONFIRMED
662,CANDIDATE,CONFIRMED
663,CANDIDATE,CONFIRMED
664,CANDIDATE,CONFIRMED
665,CANDIDATE,CONFIRMED
666,CANDIDATE,CONFIRMED
667,CANDIDATE,CONFIRMED
668,CANDIDATE,CONFIRMED
669,CANDIDATE,CONFIRMED
670,CANDIDATE,CONFIRMED
671,CANDIDATE,CONFIRMED
672,CANDIDATE,CONFIRMED
673,CANDIDATE,CONFIRMED
674,CANDIDATE,CONFIRMED
675,CANDIDATE,CONFIRMED
676,CANDIDATE,CONFIRMED
677,CANDIDATE,CONFIRMED
678,CANDIDATE,CONFIRMED
679,CANDIDATE,CONFIRMED
680,CANDIDATE,CONFIRMED
681,CANDIDATE,CONFIRMED
682,CANDIDATE,CONFIRMED
683,CANDIDATE,CONFIRMED
685,CANDIDATE,CONFIRMED
687,CANDIDATE,CONFIRMED
688,CANDIDATE,CONFIRMED
690,CANDIDATE,CONFIRMED
693,CANDIDATE,CONFIRMED
694,CANDIDATE,CONFIRMED
695,CANDIDATE,CONFIRMED
696,CANDIDATE,CONFIRMED
698,CANDIDATE,CONFIRMED
699,CANDIDATE,CONFIRMED
701,CANDIDATE,CONFIRMED
702,CANDIDATE,CONFIRMED
703,CANDIDATE,CONFIRMED
704,CANDIDATE,CONFIRMED
705,CANDIDATE,CONFIRMED
706,CANDIDATE,CONFIRMED
707,CANDIDATE,CONFIRMED
708,CANDIDATE,CONFIRMED
709,CANDIDATE,CONFIRMED
710,CANDIDATE,CONFIRMED
711,CANDIDATE,CONFIRMED
715,CANDIDATE,CONFIRMED
718,CANDIDATE,CONFIRMED
720,CANDIDATE,CONFIRMED
721,CANDIDATE,CONFIRMED
722,CANDIDATE,CONFIRMED
723,CANDIDATE,CONFIRMED
724,CANDIDATE,CONFIRMED
725,CANDIDATE,CONFIRMED
726,CANDIDATE,CONFIRMED
727,CANDIDATE,CONFIRMED
729,CANDIDATE,CONFIRMED
734,CANDIDATE,CONFIRMED
737,CANDIDATE,CONFIRMED
739,CANDIDATE,CONFIRMED
740,CANDIDATE,CONFIRMED
743,CANDIDATE,CONFIRMED
744,CANDIDATE,CONFIRMED
745,CANDIDATE,CONFIRMED
746,CANDIDATE,CONFIRMED
747,CANDIDATE,CONFIRMED
748,CANDIDATE,CONFIRMED
749,CANDIDATE,CONFIRMED
751,CANDIDATE,CONFIRMED
752,CANDIDATE,CONFIRMED
756,CANDIDATE,CONFIRMED
758,CANDIDATE,CONFIRMED
760,CANDIDATE,CONFIRMED
761,CANDIDATE,CONFIRMED
764,CANDIDATE,CONFIRMED
765,CANDIDATE,CONFIRMED
766,CANDIDATE,CONFIRMED
767,CANDIDATE,CONFIRMED
768,CANDIDATE,CONFIRMED
769,CANDIDATE,CONFIRMED
771,CANDIDATE,CONFIRMED
772,CANDIDATE,CONFIRMED
773,CANDIDATE,CONFIRMED
774,CANDIDATE,CONFIRMED
775,CANDIDATE,CONFIRMED
776,CANDIDATE,CONFIRMED
777,CANDIDATE,CONFIRMED
778,CANDIDATE,CONFIRMED
780,CANDIDATE,CONFIRMED
784,CANDIDATE,CONFIRMED
785,CANDIDATE,CONFIRMED
788,CANDIDATE,CONFIRMED
791,CANDIDATE,CONFIRMED
793,CANDIDATE,CONFIRMED
794,CANDIDATE,CONFIRMED
795,CANDIDATE,CONFIRMED
801,CANDIDATE,CONFIRMED
803,CANDIDATE,CONFIRMED
806,CANDIDATE,CONFIRMED
807,CANDIDATE,CONFIRMED
809,CANDIDATE,CONFIRMED
810,CANDIDATE,CONFIRMED
811,CANDIDATE,CONFIRMED
812,CANDIDATE,CONFIRMED
816,CANDIDATE,CONFIRMED
818,CANDIDATE,CONFIRMED
819,CANDIDATE,CONFIRMED
820,CANDIDATE,CONFIRMED
821,CANDIDATE,CONFIRMED
822,CANDIDATE,CONFIRMED
826,CANDIDATE,CONFIRMED
828,CANDIDATE,CONFIRMED
829,CANDIDATE,CONFIRMED
831,CANDIDATE,CONFIRMED
832,CANDIDATE,CONFIRMED
833,CANDIDATE,CONFIRMED
834,CANDIDATE,CONFIRMED
835,CANDIDATE,CONFIRMED
836,CANDIDATE,CONFIRMED
838,CANDIDATE,CONFIRMED
839,CANDIDATE,CONFIRMED
840,CANDIDATE,CONFIRMED
841,CANDIDATE,CONFIRMED
842,CANDIDATE,CONFIRMED
843,CANDIDATE,CONFIRMED
846,CANDIDATE,CONFIRMED
849,CANDIDATE,CONFIRMED
850,CANDIDATE,CONFIRMED
851,CANDIDATE,CONFIRMED
853,CANDIDATE,CONFIRMED
854,CANDIDATE,CONFIRMED
857,CANDIDATE,CONFIRMED
858,CANDIDATE,CONFIRMED
861,CANDIDATE,CONFIRMED
862,CANDIDATE,CONFIRMED
863,CANDIDATE,CONFIRMED
864,CANDIDATE,CONFIRMED
865,CANDIDATE,CONFIRMED
866,CANDIDATE,CONFIRMED
867,CANDIDATE,CONFIRMED
868,CANDIDATE,CONFIRMED
869,CANDIDATE,CONFIRMED
870,CANDIDATE,CONFIRMED
871,CANDIDATE,CONFIRMED
872,CANDIDATE,CONFIRMED
873,CANDIDATE,CONFIRMED
874,CANDIDATE,CONFIRMED
875,CANDIDATE,CONFIRMED
880,CANDIDATE,CONFIRMED
881,CANDIDATE,CONFIRMED
884,CANDIDATE,CONFIRMED
885,CANDIDATE,CONFIRMED
888,CANDIDATE,CONFIRMED
889,CANDIDATE,CONFIRMED
897,CANDIDATE,CONFIRMED
901,CANDIDATE,CONFIRMED
903,CANDIDATE,CONFIRMED
904,CANDIDATE,CONFIRMED
909,CANDIDATE,CONFIRMED
913,CANDIDATE,CONFIRMED
914,CANDIDATE,CONFIRMED
915,CANDIDATE,CONFIRMED
917,CANDIDATE,CONFIRMED
918,CANDIDATE,CONFIRMED
919,CANDIDATE,CONFIRMED
920,CANDIDATE,CONFIRMED
921,CANDIDATE,CONFIRMED
922,CANDIDATE,CONFIRMED
923,CANDIDATE,CONFIRMED
924,CANDIDATE,CONFIRMED
925,CANDIDATE,CONFIRMED
926,CANDIDATE,CONFIRMED
927,CANDIDATE,CONFIRMED
928,CANDIDATE,CONFIRMED
929,CANDIDATE,CONFIRMED
930,CANDIDATE,CONFIRMED
931,CANDIDATE,CONFIRMED
934,CANDIDATE,CONFIRMED
935,CANDIDATE,CONFIRMED
937,CANDIDATE,CONFIRMED
938,CANDIDATE,CONFIRMED
939,CANDIDATE,CONFIRMED
947,CANDIDATE,CONFIRMED
948,CANDIDATE,CONFIRMED
950,CANDIDATE,CONFIRMED
951,CANDIDATE,CONFIRMED
952,CANDIDATE,CONFIRMED
953,CANDIDATE,CONFIRMED
954,CANDIDATE,CONFIRMED
956,CANDIDATE,CONFIRMED
957,CANDIDATE,CONFIRMED
958,CANDIDATE,CONFIRMED
959,CANDIDATE,CONFIRMED
960,CANDIDATE,CONFIRMED
961,CANDIDATE,CONFIRMED
962,CANDIDATE,CONFIRMED
964,CANDIDATE,CONFIRMED
975,CANDIDATE,CONFIRMED
979,CANDIDATE,CONFIRMED
981,CANDIDATE,CONFIRMED
982,CANDIDATE,CONFIRMED
983,CANDIDATE,CONFIRMED
986,CANDIDATE,CONFIRMED
987,CANDIDATE,CONFIRMED
989,CANDIDATE,CONFIRMED
990,CANDIDATE,CONFIRMED
991,CANDIDATE,CONFIRMED
992,CANDIDATE,CONFIRMED
993,CANDIDATE,CONFIRMED
994,CANDIDATE,CONFIRMED
995,CANDIDATE,CONFIRMED
996,CANDIDATE,CONFIRMED
997,CANDIDATE,CONFIRMED
998,CANDIDATE,CONFIRMED
999,CANDIDATE,CONFIRMED
1001,CANDIDATE,CONFIRMED
1002,CANDIDATE,CONFIRMED
1011,CANDIDATE,CONFIRMED
1013,CANDIDATE,CONFIRMED
1014,CANDIDATE,CONFIRMED
1015,CANDIDATE,CONFIRMED
1018,CANDIDATE,CONFIRMED
1019,CANDIDATE,CONFIRMED
1020,CANDIDATE,CONFIRMED
1022,CANDIDATE,CONFIRMED
1024,CANDIDATE,CONFIRMED
1028,CANDIDATE,CONFIRMED
1029,CANDIDATE,CONFIRMED
1030,CANDIDATE,CONFIRMED
1032,CANDIDATE,CONFIRMED
1043,CANDIDATE,CONFIRMED
1044,CANDIDATE,CONFIRMED
1045,CANDIDATE,CONFIRMED
1046,CANDIDATE,CONFIRMED
1047,CANDIDATE,CONFIRMED
1051,CANDIDATE,CONFIRMED
1055,CANDIDATE,CONFIRMED
1056,CANDIDATE,CONFIRMED
1057,CANDIDATE,CONFIRMED
1058,CANDIDATE,CONFIRMED
1059,CANDIDATE,CONFIRMED
1060,CANDIDATE,CONFIRMED
1061,CANDIDATE,CONFIRMED
1062,CANDIDATE,CONFIRMED
1063,CANDIDATE,CONFIRMED
1064,CANDIDATE,CONFIRMED
1065,CANDIDATE,CONFIRMED
1066,CANDIDATE,CONFIRMED
1067,CANDIDATE,CONFIRMED
1068,CANDIDATE,CONFIRMED
1069,CANDIDATE,CONFIRMED
1071,CANDIDATE,CONFIRMED
1072,CANDIDATE,CONFIRMED
1076,CANDIDATE,CONFIRMED
1080,CANDIDATE,CONFIRMED
1082,CANDIDATE,CONFIRMED
1086,CANDIDATE,CONFIRMED
1088,CANDIDATE,CONFIRMED
1092,CANDIDATE,CONFIRMED
1093,CANDIDATE,CONFIRMED
1095,CANDIDATE,CONFIRMED
1096,CANDIDATE,CONFIRMED
1097,CANDIDATE,CONFIRMED
1098,CANDIDATE,CONFIRMED
1099,CANDIDATE,CONFIRMED
1100,CANDIDATE,CONFIRMED
1107,CANDIDATE,CONFIRMED
1108,CANDIDATE,CONFIRMED
1109,CANDIDATE,CONFIRMED
1110,CANDIDATE,CONFIRMED
1111,CANDIDATE,CONFIRMED
1112,CANDIDATE,CONFIRMED
1113,CANDIDATE,CONFIRMED
1114,CANDIDATE,CONFIRMED
1115,CANDIDATE,CONFIRMED
1116,CANDIDATE,CONFIRMED
1117,CANDIDATE,CONFIRMED
1118,CANDIDATE,CONFIRMED
1119,CANDIDATE,CONFIRMED
1120,CANDIDATE,CONFIRMED
1121,CANDIDATE,CONFIRMED
1122,CANDIDATE,CONFIRMED
1123,CANDIDATE,CONFIRMED
1124,CANDIDATE,CONFIRMED
1125,CANDIDATE,CONFIRMED
1126,CANDIDATE,CONFIRMED
1127,CANDIDATE,CONFIRMED
1128,CANDIDATE,CONFIRMED
1129,CANDIDATE,CONFIRMED
1130,CANDIDATE,CONFIRMED
1131,CANDIDATE,CONFIRMED
1132,CANDIDATE,CONFIRMED
1133,CANDIDATE,CONFIRMED
1134,CANDIDATE,CONFIRMED
1135,CANDIDATE,CONFIRMED
1136,CANDIDATE,CONFIRMED
1137,CANDIDATE,CONFIRMED
1138,CANDIDATE,CONFIRMED
1139,CANDIDATE,CONFIRMED
1140,CANDIDATE,CONFIRMED
1141,CANDIDATE,CONFIRMED
1144,CANDIDATE,CONFIRMED
1145,CANDIDATE,CONFIRMED
1146,CANDIDATE,CONFIRMED
1147,CANDIDATE,CONFIRMED
1148,CANDIDATE,CONFIRMED
1149,CANDIDATE,CONFIRMED
1150,CANDIDATE,CONFIRMED
1151,CANDIDATE,CONFIRMED
1152,CANDIDATE,CONFIRMED
1153,CANDIDATE,CONFIRMED
1154,CANDIDATE,CONFIRMED
1155,CANDIDATE,CONFIRMED
1156,CANDIDATE,CONFIRMED
1157,CANDIDATE,CONFIRMED
1158,CANDIDATE,CONFIRMED
1159,CANDIDATE,CONFIRMED
1160,CANDIDATE,CONFIRMED
1161,CANDIDATE,CONFIRMED
1162,CANDIDATE,CONFIRMED
1163,CANDIDATE,CONFIRMED
1164,CANDIDATE,CONFIRMED
1165,CANDIDATE,CONFIRMED
1166,CANDIDATE,CONFIRMED
1167,CANDIDATE,CONFIRMED
1168,CANDIDATE,CONFIRMED
1169,CANDIDATE,CONFIRMED
1170,CANDIDATE,CONFIRMED
1171,CANDIDATE,CONFIRMED
1173,CANDIDATE,CONFIRMED
1174,CANDIDATE,CONFIRMED
1175,CANDIDATE,CONFIRMED
1176,CANDIDATE,CONFIRMED
1177,CANDIDATE,CONFIRMED
1178,CANDIDATE,CONFIRMED
1179,CANDIDATE,CONFIRMED
1180,CANDIDATE,CONFIRMED
1181,CANDIDATE,CONFIRMED
1182,CANDIDATE,CONFIRMED
1183,CANDIDATE,CONFIRMED
1184,CANDIDATE,CONFIRMED
1185,CANDIDATE,CONFIRMED
1186,CANDIDATE,CONFIRMED
1187,CANDIDATE,CONFIRMED
1188,CANDIDATE,CONFIRMED
1189,CANDIDATE,CONFIRMED
1190,CANDIDATE,CONFIRMED
1191,CANDIDATE,CONFIRMED
1192,CANDIDATE,CONFIRMED
1193,CANDIDATE,CONFIRMED
1194,CANDIDATE,CONFIRMED
1195,CANDIDATE,CONFIRMED
1196,CANDIDATE,CONFIRMED
1197,CANDIDATE,CONFIRMED
1200,CANDIDATE,CONFIRMED
1201,CANDIDATE,CONFIRMED
1202,CANDIDATE,CONFIRMED
1203,CANDIDATE,CONFIRMED
1204,CANDIDATE,CONFIRMED
1205,CANDIDATE,CONFIRMED
1206,CANDIDATE,CONFIRMED
1207,CANDIDATE,CONFIRMED
1208,CANDIDATE,CONFIRMED
1209,CANDIDATE,CONFIRMED
1210,CANDIDATE,CONFIRMED
1211,CANDIDATE,CONFIRMED
1212,CANDIDATE,CONFIRMED
1213,CANDIDATE,CONFIRMED
1223,CANDIDATE,CONFIRMED
1224,CANDIDATE,CONFIRMED
1225,CANDIDATE,CONFIRMED
1226,CANDIDATE,CONFIRMED
1227,CANDIDATE,CONFIRMED
1228,CANDIDATE,CONFIRMED
1229,CANDIDATE,CONFIRMED
1235,CANDIDATE,CONFIRMED
1236,CANDIDATE,CONFIRMED
1237,CANDIDATE,CONFIRMED
1238,CANDIDATE,CONFIRMED
1239,CANDIDATE,CONFIRMED
1240,CANDIDATE,CONFIRMED
1241,CANDIDATE,CONFIRMED
1242,CANDIDATE,CONFIRMED
1243,CANDIDATE,CONFIRMED
1244,CANDIDATE,CONFIRMED
1245,CANDIDATE,CONFIRMED
1246,CANDIDATE,CONFIRMED
1247,CANDIDATE,CONFIRMED
1248,CANDIDATE,CONFIRMED
1249,CANDIDATE,CONFIRMED
1250,CANDIDATE,CONFIRMED
1251,CANDIDATE,CONFIRMED
1252,CANDIDATE,CONFIRMED
1253,CANDIDATE,CONFIRMED
1254,CANDIDATE,CONFIRMED
1255,CANDIDATE,CONFIRMED
1256,CANDIDATE,CONFIRMED
1258,CANDIDATE,CONFIRMED
1259,CANDIDATE,CONFIRMED
1260,CANDIDATE,CONFIRMED
1261,CANDIDATE,CONFIRMED
1262,CANDIDATE,CONFIRMED
1263,CANDIDATE,CONFIRMED
1264,CANDIDATE,CONFIRMED
1265,CANDIDATE,CONFIRMED
1266,CANDIDATE,CONFIRMED
1267,CANDIDATE,CONFIRMED
1268,CANDIDATE,CONFIRMED
1269,CANDIDATE,CONFIRMED
1270,CANDIDATE,CONFIRMED
1271,CANDIDATE,CONFIRMED
1272,CANDIDATE,CONFIRMED
1273,CANDIDATE,CONFIRMED
1274,CANDIDATE,CONFIRMED
1275,CANDIDATE,CONFIRMED
1280,CANDIDATE,CONFIRMED
1281,CANDIDATE,CONFIRMED
1282,CANDIDATE,CONFIRMED
1283,CANDIDATE,CONFIRMED
1284,CANDIDATE,CONFIRMED
1285,CANDIDATE,CONFIRMED
1286,CANDIDATE,CONFIRMED
1287,CANDIDATE,CONFIRMED
1288,CANDIDATE,CONFIRMED
1289,CANDIDATE,CONFIRMED
1293,CANDIDATE,CONFIRMED
1294,CANDIDATE,CONFIRMED
1295,CANDIDATE,CONFIRMED
1296,CANDIDATE,CONFIRMED
1297,CANDIDATE,CONFIRMED
1298,CANDIDATE,CONFIRMED
1299,CANDIDATE,CONFIRMED
1300,CANDIDATE,CONFIRMED
1301,CANDIDATE,CONFIRMED
1302,CANDIDATE,CONFIRMED
1303,CANDIDATE,CONFIRMED
1304,CANDIDATE,CONFIRMED
1305,CANDIDATE,CONFIRMED
1306,CANDIDATE,CONFIRMED
1307,CANDIDATE,CONFIRMED
1308,CANDIDATE,CONFIRMED
1309,CANDIDATE,CONFIRMED
1310,CANDIDATE,CONFIRMED
1311,CANDIDATE,CONFIRMED
1312,CANDIDATE,CONFIRMED
1313,CANDIDATE,CONFIRMED
1314,CANDIDATE,CONFIRMED
1315,CANDIDATE,CONFIRMED
1316,CANDIDATE,CONFIRMED
1317,CANDIDATE,CONFIRMED
1318,CANDIDATE,CONFIRMED
1319,CANDIDATE,CONFIRMED
1320,CANDIDATE,CONFIRMED
1321,CANDIDATE,CONFIRMED
1322,CANDIDATE,CONFIRMED
1325,CANDIDATE,CONFIRMED
1326,CANDIDATE,CONFIRMED
1327,CANDIDATE,CONFIRMED
1328,CANDIDATE,CONFIRMED
1329,CANDIDATE,CONFIRMED
1330,CANDIDATE,CONFIRMED
1331,CANDIDATE,CONFIRMED
1332,CANDIDATE,CONFIRMED
1333,CANDIDATE,CONFIRMED
1334,CANDIDATE,CONFIRMED
1335,CANDIDATE,CONFIRMED
1336,CANDIDATE,CONFIRMED
1337,CANDIDATE,CONFIRMED
1338,CANDIDATE,CONFIRMED
1339,CANDIDATE,CONFIRMED
1340,CANDIDATE,CONFIRMED
1341,CANDIDATE,CONFIRMED
1342,CANDIDATE,CONFIRMED
1343,CANDIDATE,CONFIRMED
1344,CANDIDATE,CONFIRMED
1345,CANDIDATE,CONFIRMED
1346,CANDIDATE,CONFIRMED
1347,CANDIDATE,CONFIRMED
1348,CANDIDATE,CONFIRMED
1349,CANDIDATE,CONFIRMED
1350,CANDIDATE,CONFIRMED
1351,CANDIDATE,CONFIRMED
1352,CANDIDATE,CONFIRMED
1353,CANDIDATE,CONFIRMED
1354,CANDIDATE,CONFIRMED
1355,CANDIDATE,CONFIRMED
1356,CANDIDATE,CONFIRMED
1357,CANDIDATE,CONFIRMED
1358,CANDIDATE,CONFIRMED
1359,CANDIDATE,CONFIRMED
1360,CANDIDATE,CONFIRMED
1361,CANDIDATE,CONFIRMED
1362,CANDIDATE,CONFIRMED
1363,CANDIDATE,CONFIRMED
1364,CANDIDATE,CONFIRMED
1365,CANDIDATE,CONFIRMED
1366,CANDIDATE,CONFIRMED
1367,CANDIDATE,CONFIRMED
1368,CANDIDATE,CONFIRMED
1369,CANDIDATE,CONFIRMED
1370,CANDIDATE,CONFIRMED
1371,CANDIDATE,CONFIRMED
1372,CANDIDATE,CONFIRMED
1373,CANDIDATE,CONFIRMED
1374,CANDIDATE,CONFIRMED
1375,CANDIDATE,CONFIRMED
1376,CANDIDATE,CONFIRMED
1377,CANDIDATE,CONFIRMED
1378,CANDIDATE,CONFIRMED
1379,CANDIDATE,CONFIRMED
1380,CANDIDATE,CONFIRMED
1381,CANDIDATE,CONFIRMED
1382,CANDIDATE,CONFIRMED
1383,CANDIDATE,CONFIRMED
1384,CANDIDATE,CONFIRMED
1385,CANDIDATE,CONFIRMED
1386,CANDIDATE,CONFIRMED
1387,CANDIDATE,CONFIRMED
1388,CANDIDATE,CONFIRMED
1389,CANDIDATE,CONFIRMED
1390,CANDIDATE,CONFIRMED
1391,CANDIDATE,CONFIRMED
1392,CANDIDATE,CONFIRMED
1393,CANDIDATE,CONFIRMED
1394,CANDIDATE,CONFIRMED
1395,CANDIDATE,CONFIRMED
1396,CANDIDATE,CONFIRMED
1397,CANDIDATE,CONFIRMED
1398,CANDIDATE,CONFIRMED
1399,CANDIDATE,CONFIRMED
1400,CANDIDATE,CONFIRMED
1401,CANDIDATE,CONFIRMED
1402,CANDIDATE,CONFIRMED
1403,CANDIDATE,CONFIRMED
1404,CANDIDATE,CONFIRMED
1405,CANDIDATE,CONFIRMED
1406,CANDIDATE,CONFIRMED
1407,CANDIDATE,CONFIRMED
1408,CANDIDATE,CONFIRMED
1409,CANDIDATE,CONFIRMED
1410,CANDIDATE,CONFIRMED
1411,CANDIDATE,CONFIRMED
1412,CANDIDATE,CONFIRMED
1413,CANDIDATE,CONFIRMED
1414,CANDIDATE,CONFIRMED
1415,CANDIDATE,CONFIRMED
1416,CANDIDATE,CONFIRMED
1417,CANDIDATE,CONFIRMED
1418,CANDIDATE,CONFIRMED
1419,CANDIDATE,CONFIRMED
1420,CANDIDATE,CONFIRMED
1421,CANDIDATE,CONFIRMED
1422,CANDIDATE,CONFIRMED
1423,CANDIDATE,CONFIRMED
1424,CANDIDATE,CONFIRMED
1425,CANDIDATE,CONFIRMED
1426,CANDIDATE,CONFIRMED
1427,CANDIDATE,CONFIRMED
1428,CANDIDATE,CONFIRMED
1429,CANDIDATE,CONFIRMED
1430,CANDIDATE,CONFIRMED
1431,CANDIDATE,CONFIRMED
1432,CANDIDATE,CONFIRMED
1433,CANDIDATE,CONFIRMED
1434,CANDIDATE,CONFIRMED
1435,CANDIDATE,CONFIRMED
1436,CANDIDATE,CONFIRMED
1437,CANDIDATE,CONFIRMED
1438,CANDIDATE,CONFIRMED
1439,CANDIDATE,CONFIRMED
1440,CANDIDATE,CONFIRMED
1441,CANDIDATE,CONFIRMED
1442,CANDIDATE,CONFIRMED
1443,CANDIDATE,CONFIRMED
1444,CANDIDATE,CONFIRMED
1445,CANDIDATE,CONFIRMED
1446,CANDIDATE,CONFIRMED
1447,CANDIDATE,CONFIRMED
1448,CANDIDATE,CONFIRMED
1449,CANDIDATE,CONFIRMED
1450,CANDIDATE,CONFIRMED
1451,CANDIDATE,CONFIRMED
1452,CANDIDATE,CONFIRMED
1453,CANDIDATE,CONFIRMED
1454,CANDIDATE,CONFIRMED
1455,CANDIDATE,CONFIRMED
1456,CANDIDATE,CONFIRMED
1457,CANDIDATE,CONFIRMED
1458,CANDIDATE,CONFIRMED
1459,CANDIDATE,CONFIRMED
1460,CANDIDATE,CONFIRMED
1461,CANDIDATE,CONFIRMED
1462,CANDIDATE,CONFIRMED
1463,CANDIDATE,CONFIRMED
1464,CANDIDATE,CONFIRMED
1465,CANDIDATE,CONFIRMED
1466,CANDIDATE,CONFIRMED
1467,CANDIDATE,CONFIRMED
1468,CANDIDATE,CONFIRMED
1469,CANDIDATE,CONFIRMED
1470,CANDIDATE,CONFIRMED
1471,CANDIDATE,CONFIRMED
1472,CANDIDATE,CONFIRMED
1473,CANDIDATE,CONFIRMED
1474,CANDIDATE,CONFIRMED
1475,CANDIDATE,CONFIRMED
1476,CANDIDATE,CONFIRMED
1477,CANDIDATE,CONFIRMED
1478,CANDIDATE,CONFIRMED
1479,CANDIDATE,CONFIRMED
1480,CANDIDATE,CONFIRMED
1481,CANDIDATE,CONFIRMED
1482,CANDIDATE,CONFIRMED
1483,CANDIDATE,CONFIRMED
1484,CANDIDATE,CONFIRMED
1485,CANDIDATE,CONFIRMED
1487,CANDIDATE,CONFIRMED
1488,CANDIDATE,CONFIRMED
1489,CANDIDATE,CONFIRMED
1490,CANDIDATE,CONFIRMED
1494,CANDIDATE,CONFIRMED
1495,CANDIDATE,CONFIRMED
1496,CANDIDATE,CONFIRMED
1497,CANDIDATE,CONFIRMED
1498,CANDIDATE,CONFIRMED
1499,CANDIDATE,CONFIRMED
1500,CANDIDATE,CONFIRMED
1501,CANDIDATE,CONFIRMED
1502,CANDIDATE,CONFIRMED
1503,CANDIDATE,CONFIRMED
1504,CANDIDATE,CONFIRMED
1505,CANDIDATE,CONFIRMED
1506,CANDIDATE,CONFIRMED
1507,CANDIDATE,CONFIRMED
1508,CANDIDATE,CONFIRMED
1509,CANDIDATE,CONFIRMED
1510,CANDIDATE,CONFIRMED
1511,CANDIDATE,CONFIRMED
1512,CANDIDATE,CONFIRMED
1513,CANDIDATE,CONFIRMED
1514,CANDIDATE,CONFIRMED
1515,CANDIDATE,CONFIRMED
1516,CANDIDATE,CONFIRMED
1517,CANDIDATE,CONFIRMED
1518,CANDIDATE,CONFIRMED
1519,CANDIDATE,CONFIRMED
1520,CANDIDATE,CONFIRMED
1521,CANDIDATE,CONFIRMED
1522,CANDIDATE,CONFIRMED
1523,CANDIDATE,CONFIRMED
1541,CANDIDATE,CONFIRMED
1542,CANDIDATE,CONFIRMED
1543,CANDIDATE,CONFIRMED
1544,CANDIDATE,CONFIRMED
1545,CANDIDATE,CONFIRMED
1546,CANDIDATE,CONFIRMED
1548,CANDIDATE,CONFIRMED
1549,CANDIDATE,CONFIRMED
1550,CANDIDATE,CONFIRMED
1553,CANDIDATE,CONFIRMED
1554,CANDIDATE,CONFIRMED
1555,CANDIDATE,CONFIRMED
1556,CANDIDATE,CONFIRMED
1557,CANDIDATE,CONFIRMED
1558,CANDIDATE,CONFIRMED
1559,CANDIDATE,CONFIRMED
1560,CANDIDATE,CONFIRMED
1561,CANDIDATE,CONFIRMED
1564,CANDIDATE,CONFIRMED
1565,CANDIDATE,CONFIRMED
1566,CANDIDATE,CONFIRMED
1567,CANDIDATE,CONFIRMED
1568,CANDIDATE,CONFIRMED
1569,CANDIDATE,CONFIRMED
1570,CANDIDATE,CONFIRMED
1571,CANDIDATE,CONFIRMED
1572,CANDIDATE,CONFIRMED
1573,CANDIDATE,CONFIRMED
1574,CANDIDATE,CONFIRMED
1575,CANDIDATE,CONFIRMED
1576,CANDIDATE,CONFIRMED
1577,CANDIDATE,CONFIRMED
1578,CANDIDATE,CONFIRMED
1579,CANDIDATE,CONFIRMED
1580,CANDIDATE,CONFIRMED
1581,CANDIDATE,CONFIRMED
1582,CANDIDATE,CONFIRMED
1583,CANDIDATE,CONFIRMED
1584,CANDIDATE,CONFIRMED
1585,CANDIDATE,CONFIRMED
1586,CANDIDATE,CONFIRMED
1587,CANDIDATE,CONFIRMED
1588,CANDIDATE,CONFIRMED
1589,CANDIDATE,CONFIRMED
1590,CANDIDATE,CONFIRMED
1591,CANDIDATE,CONFIRMED
1592,CANDIDATE,CONFIRMED
1593,CANDIDATE,CONFIRMED
1594,CANDIDATE,CONFIRMED
1595,CANDIDATE,CONFIRMED
1596,CANDIDATE,CONFIRMED
1597,CANDIDATE,CONFIRMED
1598,CANDIDATE,CONFIRMED
1599,CANDIDATE,CONFIRMED
1600,CANDIDATE,CONFIRMED
1602,CANDIDATE,CONFIRMED
1603,CANDIDATE,CONFIRMED
1604,CANDIDATE,CONFIRMED
1605,CANDIDATE,CONFIRMED
1606,CANDIDATE,CONFIRMED
1607,CANDIDATE,CONFIRMED
1608,CANDIDATE,CONFIRMED
1609,CANDIDATE,CONFIRMED
1610,CANDIDATE,CONFIRMED
1611,CANDIDATE,CONFIRMED
1612,CANDIDATE,CONFIRMED
1613,CANDIDATE,CONFIRMED
1614,CANDIDATE,CONFIRMED
1615,CANDIDATE,CONFIRMED
1617,CANDIDATE,CONFIRMED
1618,CANDIDATE,CONFIRMED
1619,CANDIDATE,CONFIRMED
1620,CANDIDATE,CONFIRMED
1621,CANDIDATE,CONFIRMED
1622,CANDIDATE,CONFIRMED
1623,CANDIDATE,CONFIRMED
1624,CANDIDATE,CONFIRMED
1625,CANDIDATE,CONFIRMED
1626,CANDIDATE,CONFIRMED
1627,CANDIDATE,CONFIRMED
1628,CANDIDATE,CONFIRMED
1629,CANDIDATE,CONFIRMED
1630,CANDIDATE,CONFIRMED
1631,CANDIDATE,CONFIRMED
1632,CANDIDATE,CONFIRMED
1633,CANDIDATE,CONFIRMED
1634,CANDIDATE,CONFIRMED
1635,CANDIDATE,CONFIRMED
1636,CANDIDATE,CONFIRMED
1637,CANDIDATE,CONFIRMED
1638,CANDIDATE,CONFIRMED
1639,CANDIDATE,CONFIRMED
1640,CANDIDATE,CONFIRMED
1641,CANDIDATE,CONFIRMED
1642,CANDIDATE,CONFIRMED
1643,CANDIDATE,CONFIRMED
1644,CANDIDATE,CONFIRMED
1645,CANDIDATE,CONFIRMED
1646,CANDIDATE,CONFIRMED
1647,CANDIDATE,CONFIRMED
1648,CANDIDATE,CONFIRMED
1649,CANDIDATE,CONFIRMED
1650,CANDIDATE,CONFIRMED
1651,CANDIDATE,CONFIRMED
1653,CANDIDATE,CONFIRMED
1654,CANDIDATE,CONFIRMED
1655,CANDIDATE,CONFIRMED
1656,CANDIDATE,CONFIRMED
1657,CANDIDATE,CONFIRMED
1658,CANDIDATE,CONFIRMED
1659,CANDIDATE,CONFIRMED
1660,CANDIDATE,CONFIRMED
1661,CANDIDATE,CONFIRMED
1662,CANDIDATE,CONFIRMED
1663,CANDIDATE,CONFIRMED
1664,CANDIDATE,CONFIRMED
1665,CANDIDATE,CONFIRMED
1666,CANDIDATE,CONFIRMED
1667,CANDIDATE,CONFIRMED
1668,CANDIDATE,CONFIRMED
1669,CANDIDATE,CONFIRMED
1670,CANDIDATE,CONFIRMED
1671,CANDIDATE,CONFIRMED
1672,CANDIDATE,CONFIRMED
1673,CANDIDATE,CONFIRMED
1674,CANDIDATE,CONFIRMED
1675,CANDIDATE,CONFIRMED
1676,CANDIDATE,CONFIRMED
1680,CANDIDATE,CONFIRMED
1681,CANDIDATE,CONFIRMED
1682,CANDIDATE,CONFIRMED
1683,CANDIDATE,CONFIRMED
1684,CANDIDATE,CONFIRMED
1685,CANDIDATE,CONFIRMED
1688,CANDIDATE,CONFIRMED
1690,CANDIDATE,CONFIRMED
1691,CANDIDATE,CONFIRMED
1692,CANDIDATE,CONFIRMED
1705,CANDIDATE,CONFIRMED
1711,CANDIDATE,CONFIRMED
1714,CANDIDATE,CONFIRMED
1715,CANDIDATE,CONFIRMED
2463,CANDIDATE,CONFIRMED
